circuit_type,noise_level,mitigated,query_name,shots,row_index,column_index,win_probability,fidelity,trace_distance,success_probability,failure_probability,raw_scale_factor_dists
contextuality-preserving,low,False,R1C1,8192,1,1,0.9620361328125,0.9619424279395258,0.03796386718749982,0.9620361328125,0.0379638671875,{}
contextuality-preserving,low,False,R1C2,8192,1,2,0.9525146484375,0.9523808005567758,0.04772949218749985,0.9525146484375,0.0474853515625,{}
contextuality-preserving,low,False,R1C3,8192,1,3,0.94970703125,0.949581079296246,0.05029296874999982,0.94970703125,0.05029296875,{}
contextuality-preserving,low,False,R2C1,8192,2,1,0.953857421875,0.9537904838118225,0.04614257812499982,0.953857421875,0.046142578125,{}
contextuality-preserving,low,False,R2C2,8192,2,2,0.9486083984375,0.9484754829417364,0.05163574218749985,0.9486083984375,0.0513916015625,{}
contextuality-preserving,low,False,R2C3,8192,2,3,0.940673828125,0.9405260007071888,0.05932617187499982,0.940673828125,0.059326171875,{}
contextuality-preserving,low,False,R3C1,8192,3,1,0.94921875,0.9491511827512381,0.05078124999999978,0.94921875,0.05078125,{}
contextuality-preserving,low,False,R3C2,8192,3,2,0.9407958984375,0.9406556615751804,0.05920410156249978,0.9407958984375,0.0592041015625,{}
contextuality-preserving,low,False,R3C3,8192,3,3,0.93359375,0.9334573732484209,0.06640624999999978,0.93359375,0.06640625,{}
baseline,low,False,R1C1,8192,1,1,0.94970703125,0.9496224819575342,0.05029296874999972,0.94970703125,0.05029296875,{}
baseline,low,False,R1C2,8192,1,2,0.930419921875,0.9302640686188159,0.06958007812499974,0.930419921875,0.069580078125,{}
baseline,low,False,R1C3,8192,1,3,0.9404296875,0.9403025918717883,0.059570312499999695,0.9404296875,0.0595703125,{}
baseline,low,False,R2C1,8192,2,1,0.93359375,0.9335078096092241,0.0664062499999997,0.93359375,0.06640625,{}
baseline,low,False,R2C2,8192,2,2,0.9263916015625,0.9262398420282811,0.07360839843749974,0.9263916015625,0.0736083984375,{}
baseline,low,False,R2C3,8192,2,3,0.9173583984375,0.9171843913941403,0.08264160156249967,0.9173583984375,0.0826416015625,{}
baseline,low,False,R3C1,8192,3,1,0.9376220703125,0.9375294180685089,0.06237792968749961,0.9376220703125,0.0623779296875,{}
baseline,low,False,R3C2,8192,3,2,0.9190673828125,0.918914050460294,0.08093261718749961,0.9190673828125,0.0809326171875,{}
baseline,low,False,R3C3,8192,3,3,0.9234619140625,0.9233284101528659,0.07653808593749961,0.9234619140625,0.0765380859375,{}
contextuality-preserving,low,True,R1C1,8192,1,1,0.9769439697265625,0.9762338423681252,0.03594970703124985,0.9769439697265625,0.023056030273437483,"{""1"": {""0000"": 0.1168212890625, ""0001"": 0.1246337890625, ""0010"": 0.0048828125, ""0011"": 0.0059814453125, ""0100"": 0.1173095703125, ""0101"": 0.1212158203125, ""0110"": 0.00439453125, ""0111"": 0.0047607421875, ""1000"": 0.0030517578125, ""1001"": 0.0048828125, ""1010"": 0.1220703125, ""1011"": 0.1195068359375, ""1100"": 0.0050048828125, ""1101"": 0.0050048828125, ""1110"": 0.120849609375, ""1111"": 0.11962890625}, ""3"": {""0000"": 0.1131591796875, ""0001"": 0.1241455078125, ""0010"": 0.010498046875, ""0011"": 0.0084228515625, ""0100"": 0.1190185546875, ""0101"": 0.1165771484375, ""0110"": 0.0078125, ""0111"": 0.008544921875, ""1000"": 0.0084228515625, ""1001"": 0.008056640625, ""1010"": 0.112060546875, ""1011"": 0.1109619140625, ""1100"": 0.0086669921875, ""1101"": 0.008544921875, ""1110"": 0.1180419921875, ""1111"": 0.1170654296875}, ""5"": {""0000"": 0.1092529296875, ""0001"": 0.115478515625, ""0010"": 0.0130615234375, ""0011"": 0.01220703125, ""0100"": 0.103515625, ""0101"": 0.106689453125, ""0110"": 0.012451171875, ""0111"": 0.0113525390625, ""1000"": 0.012939453125, ""1001"": 0.0130615234375, ""1010"": 0.1180419921875, ""1011"": 0.1185302734375, ""1100"": 0.014404296875, ""1101"": 0.0120849609375, ""1110"": 0.115966796875, ""1111"": 0.1109619140625}}"
contextuality-preserving,low,True,R1C2,8192,1,2,0.9757413628003831,0.9743888026527271,0.04576993813743498,0.9757413628003831,0.024258637199616948,"{""1"": {""0000"": 0.1151123046875, ""0001"": 0.0068359375, ""0010"": 0.125244140625, ""0011"": 0.005126953125, ""0100"": 0.1162109375, ""0101"": 0.0062255859375, ""0110"": 0.119873046875, ""0111"": 0.00537109375, ""1000"": 0.0050048828125, ""1001"": 0.11962890625, ""1010"": 0.0057373046875, ""1011"": 0.119140625, ""1100"": 0.006591796875, ""1101"": 0.119384765625, ""1110"": 0.006591796875, ""1111"": 0.117919921875}, ""3"": {""0000"": 0.110107421875, ""0001"": 0.01220703125, ""0010"": 0.108154296875, ""0011"": 0.01416015625, ""0100"": 0.11474609375, ""0101"": 0.0128173828125, ""0110"": 0.1063232421875, ""0111"": 0.0103759765625, ""1000"": 0.0140380859375, ""1001"": 0.112060546875, ""1010"": 0.0113525390625, ""1011"": 0.112548828125, ""1100"": 0.0101318359375, ""1101"": 0.1187744140625, ""1110"": 0.0126953125, ""1111"": 0.1195068359375}, ""5"": {""0000"": 0.1087646484375, ""0001"": 0.0191650390625, ""0010"": 0.1131591796875, ""0011"": 0.015380859375, ""0100"": 0.109375, ""0101"": 0.0179443359375, ""0110"": 0.10302734375, ""0111"": 0.0172119140625, ""1000"": 0.017578125, ""1001"": 0.1004638671875, ""1010"": 0.0201416015625, ""1011"": 0.109375, ""1100"": 0.017822265625, ""1101"": 0.10791015625, ""1110"": 0.017822265625, ""1111"": 0.1048583984375}}"
contextuality-preserving,low,True,R1C3,8192,1,3,0.9776458740234375,0.9772132007666179,0.030883789062499736,0.9776458740234375,0.022354125976562517,"{""1"": {""0000"": 0.0068359375, ""0001"": 0.1151123046875, ""0010"": 0.1251220703125, ""0011"": 0.0052490234375, ""0100"": 0.00634765625, ""0101"": 0.1160888671875, ""0110"": 0.1187744140625, ""0111"": 0.0064697265625, ""1000"": 0.1185302734375, ""1001"": 0.006103515625, ""1010"": 0.006591796875, ""1011"": 0.1182861328125, ""1100"": 0.1201171875, ""1101"": 0.005859375, ""1110"": 0.00634765625, ""1111"": 0.1181640625}, ""3"": {""0000"": 0.0128173828125, ""0001"": 0.1107177734375, ""0010"": 0.1129150390625, ""0011"": 0.0118408203125, ""0100"": 0.0113525390625, ""0101"": 0.1126708984375, ""0110"": 0.1177978515625, ""0111"": 0.0115966796875, ""1000"": 0.1112060546875, ""1001"": 0.010498046875, ""1010"": 0.0137939453125, ""1011"": 0.11181640625, ""1100"": 0.111328125, ""1101"": 0.0126953125, ""1110"": 0.011962890625, ""1111"": 0.114990234375}, ""5"": {""0000"": 0.017822265625, ""0001"": 0.11474609375, ""0010"": 0.1053466796875, ""0011"": 0.0172119140625, ""0100"": 0.016845703125, ""0101"": 0.107666015625, ""0110"": 0.107666015625, ""0111"": 0.0164794921875, ""1000"": 0.108642578125, ""1001"": 0.016845703125, ""1010"": 0.014892578125, ""1011"": 0.1099853515625, ""1100"": 0.1053466796875, ""1101"": 0.0164794921875, ""1110"": 0.015869140625, ""1111"": 0.108154296875}}"
contextuality-preserving,low,True,R2C1,8192,2,1,0.9810788558882724,0.9805150651698333,0.031316704275171865,0.9810788558882724,0.018921144111727753,"{""1"": {""0000"": 0.11669921875, ""0001"": 0.1240234375, ""0010"": 0.0050048828125, ""0011"": 0.006591796875, ""0100"": 0.005126953125, ""0101"": 0.0057373046875, ""0110"": 0.1182861328125, ""0111"": 0.1185302734375, ""1000"": 0.1187744140625, ""1001"": 0.119873046875, ""1010"": 0.0059814453125, ""1011"": 0.0048828125, ""1100"": 0.005859375, ""1101"": 0.0069580078125, ""1110"": 0.119384765625, ""1111"": 0.1182861328125}, ""3"": {""0000"": 0.11083984375, ""0001"": 0.11279296875, ""0010"": 0.0118408203125, ""0011"": 0.0108642578125, ""0100"": 0.012451171875, ""0101"": 0.0140380859375, ""0110"": 0.1099853515625, ""0111"": 0.1123046875, ""1000"": 0.1134033203125, ""1001"": 0.1165771484375, ""1010"": 0.012451171875, ""1011"": 0.0123291015625, ""1100"": 0.01123046875, ""1101"": 0.01318359375, ""1110"": 0.10888671875, ""1111"": 0.1168212890625}, ""5"": {""0000"": 0.1024169921875, ""0001"": 0.10791015625, ""0010"": 0.018798828125, ""0011"": 0.0184326171875, ""0100"": 0.018310546875, ""0101"": 0.0159912109375, ""0110"": 0.1075439453125, ""0111"": 0.1112060546875, ""1000"": 0.106201171875, ""1001"": 0.1038818359375, ""1010"": 0.0185546875, ""1011"": 0.018310546875, ""1100"": 0.0208740234375, ""1101"": 0.016357421875, ""1110"": 0.1142578125, ""1111"": 0.1009521484375}}"
contextuality-preserving,low,True,R2C2,8192,2,2,0.9815169478644171,0.9807044070487094,0.03256953944368428,0.9815169478644171,0.018483052135582902,"{""1"": {""0000"": 0.1151123046875, ""0001"": 0.0068359375, ""0010"": 0.125244140625, ""0011"": 0.005126953125, ""0100"": 0.0062255859375, ""0101"": 0.1162109375, ""0110"": 0.0074462890625, ""0111"": 0.1177978515625, ""1000"": 0.118408203125, ""1001"": 0.0062255859375, ""1010"": 0.1190185546875, ""1011"": 0.005859375, ""1100"": 0.0068359375, ""1101"": 0.119140625, ""1110"": 0.0068359375, ""1111"": 0.11767578125}, ""3"": {""0000"": 0.1129150390625, ""0001"": 0.010986328125, ""0010"": 0.1102294921875, ""0011"": 0.015869140625, ""0100"": 0.0145263671875, ""0101"": 0.10693359375, ""0110"": 0.0145263671875, ""0111"": 0.1138916015625, ""1000"": 0.1141357421875, ""1001"": 0.0145263671875, ""1010"": 0.108154296875, ""1011"": 0.0126953125, ""1100"": 0.0146484375, ""1101"": 0.112060546875, ""1110"": 0.017333984375, ""1111"": 0.1065673828125}, ""5"": {""0000"": 0.100830078125, ""0001"": 0.020751953125, ""0010"": 0.10595703125, ""0011"": 0.0196533203125, ""0100"": 0.02099609375, ""0101"": 0.10986328125, ""0110"": 0.018798828125, ""0111"": 0.1009521484375, ""1000"": 0.1043701171875, ""1001"": 0.0245361328125, ""1010"": 0.1072998046875, ""1011"": 0.0194091796875, ""1100"": 0.0208740234375, ""1101"": 0.10302734375, ""1110"": 0.0208740234375, ""1111"": 0.101806640625}}"
contextuality-preserving,low,True,R2C3,8192,2,3,0.9742703591492471,0.9738387440846343,0.03481304142624389,0.9742703591492471,0.025729640850752848,"{""1"": {""0000"": 0.0068359375, ""0001"": 0.1151123046875, ""0010"": 0.1241455078125, ""0011"": 0.0062255859375, ""0100"": 0.1138916015625, ""0101"": 0.008544921875, ""0110"": 0.0093994140625, ""0111"": 0.1158447265625, ""1000"": 0.0074462890625, ""1001"": 0.1171875, ""1010"": 0.1175537109375, ""1011"": 0.00732421875, ""1100"": 0.1195068359375, ""1101"": 0.0064697265625, ""1110"": 0.0076904296875, ""1111"": 0.1168212890625}, ""3"": {""0000"": 0.0164794921875, ""0001"": 0.11083984375, ""0010"": 0.1077880859375, ""0011"": 0.0172119140625, ""0100"": 0.106689453125, ""0101"": 0.014404296875, ""0110"": 0.0166015625, ""0111"": 0.1103515625, ""1000"": 0.0130615234375, ""1001"": 0.111572265625, ""1010"": 0.109619140625, ""1011"": 0.0140380859375, ""1100"": 0.1129150390625, ""1101"": 0.0150146484375, ""1110"": 0.01611328125, ""1111"": 0.1072998046875}, ""5"": {""0000"": 0.0205078125, ""0001"": 0.1025390625, ""0010"": 0.096923828125, ""0011"": 0.0205078125, ""0100"": 0.1072998046875, ""0101"": 0.0252685546875, ""0110"": 0.02197265625, ""0111"": 0.1043701171875, ""1000"": 0.0196533203125, ""1001"": 0.105224609375, ""1010"": 0.1064453125, ""1011"": 0.02001953125, ""1100"": 0.10205078125, ""1101"": 0.022216796875, ""1110"": 0.022705078125, ""1111"": 0.102294921875}}"
contextuality-preserving,low,True,R3C1,8192,3,1,0.9702858537478264,0.9698411171845636,0.03676515451966176,0.9702858537478264,0.02971414625217362,"{""1"": {""0000"": 0.115234375, ""0001"": 0.1224365234375, ""0010"": 0.0072021484375, ""0011"": 0.0074462890625, ""0100"": 0.005615234375, ""0101"": 0.005615234375, ""0110"": 0.1180419921875, ""0111"": 0.118408203125, ""1000"": 0.0048828125, ""1001"": 0.006591796875, ""1010"": 0.1201171875, ""1011"": 0.117919921875, ""1100"": 0.1197509765625, ""1101"": 0.1173095703125, ""1110"": 0.007568359375, ""1111"": 0.005859375}, ""3"": {""0000"": 0.110107421875, ""0001"": 0.1129150390625, ""0010"": 0.0125732421875, ""0011"": 0.0126953125, ""0100"": 0.01123046875, ""0101"": 0.0133056640625, ""0110"": 0.1177978515625, ""0111"": 0.1163330078125, ""1000"": 0.0115966796875, ""1001"": 0.0091552734375, ""1010"": 0.115966796875, ""1011"": 0.1114501953125, ""1100"": 0.112548828125, ""1101"": 0.1109619140625, ""1110"": 0.010986328125, ""1111"": 0.0103759765625}, ""5"": {""0000"": 0.1019287109375, ""0001"": 0.116455078125, ""0010"": 0.0145263671875, ""0011"": 0.017822265625, ""0100"": 0.0179443359375, ""0101"": 0.015380859375, ""0110"": 0.105224609375, ""0111"": 0.113037109375, ""1000"": 0.0167236328125, ""1001"": 0.0172119140625, ""1010"": 0.1060791015625, ""1011"": 0.1119384765625, ""1100"": 0.10693359375, ""1101"": 0.1075439453125, ""1110"": 0.0164794921875, ""1111"": 0.0147705078125}}"
contextuality-preserving,low,True,R3C2,8192,3,2,0.9794635245402508,0.9785782036460355,0.03298928266958963,0.9794635245402508,0.02053647545974913,"{""1"": {""0000"": 0.113037109375, ""0001"": 0.0089111328125, ""0010"": 0.123779296875, ""0011"": 0.006591796875, ""0100"": 0.007080078125, ""0101"": 0.1153564453125, ""0110"": 0.0081787109375, ""0111"": 0.1170654296875, ""1000"": 0.006591796875, ""1001"": 0.1180419921875, ""1010"": 0.00732421875, ""1011"": 0.1175537109375, ""1100"": 0.118896484375, ""1101"": 0.007080078125, ""1110"": 0.1170654296875, ""1111"": 0.0074462890625}, ""3"": {""0000"": 0.113037109375, ""0001"": 0.01416015625, ""0010"": 0.108642578125, ""0011"": 0.0142822265625, ""0100"": 0.018310546875, ""0101"": 0.107421875, ""0110"": 0.014892578125, ""0111"": 0.10595703125, ""1000"": 0.015869140625, ""1001"": 0.1046142578125, ""1010"": 0.0162353515625, ""1011"": 0.1156005859375, ""1100"": 0.109375, ""1101"": 0.01708984375, ""1110"": 0.1090087890625, ""1111"": 0.0155029296875}, ""5"": {""0000"": 0.1033935546875, ""0001"": 0.0198974609375, ""0010"": 0.1024169921875, ""0011"": 0.02197265625, ""0100"": 0.020263671875, ""0101"": 0.102294921875, ""0110"": 0.0230712890625, ""0111"": 0.10205078125, ""1000"": 0.0228271484375, ""1001"": 0.09912109375, ""1010"": 0.0235595703125, ""1011"": 0.103759765625, ""1100"": 0.1058349609375, ""1101"": 0.020751953125, ""1110"": 0.1072998046875, ""1111"": 0.021484375}}"
contextuality-preserving,low,True,R3C3,8192,3,3,0.953826904296875,0.9532285068420329,0.05383300781249978,0.953826904296875,0.046173095703124965,"{""1"": {""0000"": 0.0084228515625, ""0001"": 0.113525390625, ""0010"": 0.1234130859375, ""0011"": 0.0069580078125, ""0100"": 0.1138916015625, ""0101"": 0.008544921875, ""0110"": 0.009765625, ""0111"": 0.115478515625, ""1000"": 0.116943359375, ""1001"": 0.0076904296875, ""1010"": 0.00830078125, ""1011"": 0.1165771484375, ""1100"": 0.009033203125, ""1101"": 0.116943359375, ""1110"": 0.1168212890625, ""1111"": 0.0076904296875}, ""3"": {""0000"": 0.0157470703125, ""0001"": 0.10888671875, ""0010"": 0.10986328125, ""0011"": 0.01220703125, ""0100"": 0.1075439453125, ""0101"": 0.013916015625, ""0110"": 0.0140380859375, ""0111"": 0.1156005859375, ""1000"": 0.11474609375, ""1001"": 0.0147705078125, ""1010"": 0.01318359375, ""1011"": 0.1126708984375, ""1100"": 0.013671875, ""1101"": 0.1104736328125, ""1110"": 0.1087646484375, ""1111"": 0.013916015625}, ""5"": {""0000"": 0.01953125, ""0001"": 0.1011962890625, ""0010"": 0.1029052734375, ""0011"": 0.0179443359375, ""0100"": 0.1044921875, ""0101"": 0.0201416015625, ""0110"": 0.016845703125, ""0111"": 0.106689453125, ""1000"": 0.111328125, ""1001"": 0.0220947265625, ""1010"": 0.0223388671875, ""1011"": 0.0985107421875, ""1100"": 0.0216064453125, ""1101"": 0.106689453125, ""1110"": 0.1055908203125, ""1111"": 0.0220947265625}}"
baseline,low,True,R1C1,8192,1,1,0.9732208251953125,0.9727520705313392,0.030883789062499722,0.9732208251953125,0.026779174804687493,"{""1"": {""0000"": 0.1156005859375, ""0001"": 0.1234130859375, ""0010"": 0.0062255859375, ""0011"": 0.007080078125, ""0100"": 0.1162109375, ""0101"": 0.118896484375, ""0110"": 0.006591796875, ""0111"": 0.0059814453125, ""1000"": 0.0048828125, ""1001"": 0.0064697265625, ""1010"": 0.1195068359375, ""1011"": 0.11865234375, ""1100"": 0.00634765625, ""1101"": 0.0067138671875, ""1110"": 0.11962890625, ""1111"": 0.1177978515625}, ""3"": {""0000"": 0.1083984375, ""0001"": 0.1175537109375, ""0010"": 0.012939453125, ""0011"": 0.0120849609375, ""0100"": 0.108642578125, ""0101"": 0.1224365234375, ""0110"": 0.0113525390625, ""0111"": 0.011962890625, ""1000"": 0.0111083984375, ""1001"": 0.01318359375, ""1010"": 0.111328125, ""1011"": 0.111572265625, ""1100"": 0.013671875, ""1101"": 0.011474609375, ""1110"": 0.108642578125, ""1111"": 0.1136474609375}, ""5"": {""0000"": 0.1048583984375, ""0001"": 0.1068115234375, ""0010"": 0.0185546875, ""0011"": 0.018798828125, ""0100"": 0.1044921875, ""0101"": 0.1072998046875, ""0110"": 0.0179443359375, ""0111"": 0.020751953125, ""1000"": 0.0181884765625, ""1001"": 0.01708984375, ""1010"": 0.1053466796875, ""1011"": 0.11083984375, ""1100"": 0.0164794921875, ""1101"": 0.01806640625, ""1110"": 0.1082763671875, ""1111"": 0.106201171875}}"
baseline,low,True,R1C2,8192,1,2,0.9803187360153431,0.9797734525240563,0.0309546097995342,0.9803187360153431,0.019681263984656864,"{""1"": {""0000"": 0.11181640625, ""0001"": 0.0101318359375, ""0010"": 0.122802734375, ""0011"": 0.007568359375, ""0100"": 0.11376953125, ""0101"": 0.0086669921875, ""0110"": 0.116943359375, ""0111"": 0.00830078125, ""1000"": 0.0084228515625, ""1001"": 0.1162109375, ""1010"": 0.0076904296875, ""1011"": 0.1171875, ""1100"": 0.010009765625, ""1101"": 0.115966796875, ""1110"": 0.0098876953125, ""1111"": 0.1146240234375}, ""3"": {""0000"": 0.1007080078125, ""0001"": 0.0196533203125, ""0010"": 0.110107421875, ""0011"": 0.0196533203125, ""0100"": 0.1043701171875, ""0101"": 0.01953125, ""0110"": 0.1058349609375, ""0111"": 0.0213623046875, ""1000"": 0.0189208984375, ""1001"": 0.1075439453125, ""1010"": 0.02099609375, ""1011"": 0.0997314453125, ""1100"": 0.0184326171875, ""1101"": 0.112548828125, ""1110"": 0.020263671875, ""1111"": 0.100341796875}, ""5"": {""0000"": 0.096435546875, ""0001"": 0.0316162109375, ""0010"": 0.103271484375, ""0011"": 0.0299072265625, ""0100"": 0.1009521484375, ""0101"": 0.024658203125, ""0110"": 0.0958251953125, ""0111"": 0.028076171875, ""1000"": 0.0284423828125, ""1001"": 0.0968017578125, ""1010"": 0.026611328125, ""1011"": 0.092529296875, ""1100"": 0.02880859375, ""1101"": 0.094482421875, ""1110"": 0.02392578125, ""1111"": 0.09765625}}"
baseline,low,True,R1C3,8192,1,3,0.97857666015625,0.9781157157779371,0.03129577636718732,0.97857666015625,0.021423339843750007,"{""1"": {""0000"": 0.0079345703125, ""0001"": 0.114013671875, ""0010"": 0.1236572265625, ""0011"": 0.0067138671875, ""0100"": 0.007568359375, ""0101"": 0.1148681640625, ""0110"": 0.1175537109375, ""0111"": 0.0076904296875, ""1000"": 0.1171875, ""1001"": 0.0074462890625, ""1010"": 0.007568359375, ""1011"": 0.1173095703125, ""1100"": 0.119140625, ""1101"": 0.0068359375, ""1110"": 0.0078125, ""1111"": 0.11669921875}, ""3"": {""0000"": 0.0147705078125, ""0001"": 0.107421875, ""0010"": 0.1090087890625, ""0011"": 0.01611328125, ""0100"": 0.016845703125, ""0101"": 0.107177734375, ""0110"": 0.1103515625, ""0111"": 0.0152587890625, ""1000"": 0.115234375, ""1001"": 0.0140380859375, ""1010"": 0.014892578125, ""1011"": 0.105224609375, ""1100"": 0.1070556640625, ""1101"": 0.0162353515625, ""1110"": 0.0152587890625, ""1111"": 0.1151123046875}, ""5"": {""0000"": 0.0244140625, ""0001"": 0.1026611328125, ""0010"": 0.0960693359375, ""0011"": 0.0213623046875, ""0100"": 0.021240234375, ""0101"": 0.11083984375, ""0110"": 0.1024169921875, ""0111"": 0.020751953125, ""1000"": 0.106689453125, ""1001"": 0.0181884765625, ""1010"": 0.022216796875, ""1011"": 0.10107421875, ""1100"": 0.099609375, ""1101"": 0.0218505859375, ""1110"": 0.0206298828125, ""1111"": 0.1099853515625}}"
baseline,low,True,R2C1,8192,2,1,0.9801989232594215,0.9795008469769284,0.033948505033914084,0.9801989232594215,0.019801076740578512,"{""1"": {""0000"": 0.1136474609375, ""0001"": 0.1219482421875, ""0010"": 0.0078125, ""0011"": 0.0089111328125, ""0100"": 0.0076904296875, ""0101"": 0.007568359375, ""0110"": 0.11669921875, ""0111"": 0.11572265625, ""1000"": 0.116455078125, ""1001"": 0.11767578125, ""1010"": 0.008056640625, ""1011"": 0.00732421875, ""1100"": 0.0093994140625, ""1101"": 0.00927734375, ""1110"": 0.1168212890625, ""1111"": 0.114990234375}, ""3"": {""0000"": 0.1094970703125, ""0001"": 0.10498046875, ""0010"": 0.0196533203125, ""0011"": 0.01806640625, ""0100"": 0.0179443359375, ""0101"": 0.0205078125, ""0110"": 0.10107421875, ""0111"": 0.103271484375, ""1000"": 0.108154296875, ""1001"": 0.1063232421875, ""1010"": 0.017333984375, ""1011"": 0.0205078125, ""1100"": 0.018310546875, ""1101"": 0.020263671875, ""1110"": 0.103271484375, ""1111"": 0.11083984375}, ""5"": {""0000"": 0.104248046875, ""0001"": 0.0946044921875, ""0010"": 0.0260009765625, ""0011"": 0.0260009765625, ""0100"": 0.0308837890625, ""0101"": 0.0269775390625, ""0110"": 0.09716796875, ""0111"": 0.0919189453125, ""1000"": 0.0927734375, ""1001"": 0.0968017578125, ""1010"": 0.029052734375, ""1011"": 0.02685546875, ""1100"": 0.0286865234375, ""1101"": 0.028076171875, ""1110"": 0.1031494140625, ""1111"": 0.0968017578125}}"
baseline,low,True,R2C2,8192,2,2,0.9828742077035592,0.9823777860511663,0.030107264748902726,0.9828742077035592,0.0171257922964408,"{""1"": {""0000"": 0.112548828125, ""0001"": 0.0093994140625, ""0010"": 0.1229248046875, ""0011"": 0.0074462890625, ""0100"": 0.0084228515625, ""0101"": 0.114013671875, ""0110"": 0.0113525390625, ""0111"": 0.1138916015625, ""1000"": 0.1165771484375, ""1001"": 0.008056640625, ""1010"": 0.116455078125, ""1011"": 0.0084228515625, ""1100"": 0.01025390625, ""1101"": 0.11572265625, ""1110"": 0.01025390625, ""1111"": 0.1142578125}, ""3"": {""0000"": 0.1019287109375, ""0001"": 0.019775390625, ""0010"": 0.1055908203125, ""0011"": 0.021240234375, ""0100"": 0.0205078125, ""0101"": 0.107177734375, ""0110"": 0.0224609375, ""0111"": 0.1029052734375, ""1000"": 0.107666015625, ""1001"": 0.01904296875, ""1010"": 0.1055908203125, ""1011"": 0.021484375, ""1100"": 0.019775390625, ""1101"": 0.1009521484375, ""1110"": 0.023193359375, ""1111"": 0.1007080078125}, ""5"": {""0000"": 0.0916748046875, ""0001"": 0.0274658203125, ""0010"": 0.0958251953125, ""0011"": 0.0296630859375, ""0100"": 0.0303955078125, ""0101"": 0.1002197265625, ""0110"": 0.028076171875, ""0111"": 0.091796875, ""1000"": 0.0966796875, ""1001"": 0.0281982421875, ""1010"": 0.091796875, ""1011"": 0.029541015625, ""1100"": 0.0294189453125, ""1101"": 0.1002197265625, ""1110"": 0.029296875, ""1111"": 0.0997314453125}}"
baseline,low,True,R2C3,8192,2,3,0.9704464312959629,0.9699278734256431,0.03636599432424957,0.9704464312959629,0.029553568704037112,"{""1"": {""0000"": 0.0096435546875, ""0001"": 0.1123046875, ""0010"": 0.1219482421875, ""0011"": 0.0084228515625, ""0100"": 0.111572265625, ""0101"": 0.0108642578125, ""0110"": 0.0130615234375, ""0111"": 0.1121826171875, ""1000"": 0.0106201171875, ""1001"": 0.114013671875, ""1010"": 0.1151123046875, ""1011"": 0.009765625, ""1100"": 0.1168212890625, ""1101"": 0.0091552734375, ""1110"": 0.0111083984375, ""1111"": 0.1134033203125}, ""3"": {""0000"": 0.0179443359375, ""0001"": 0.107421875, ""0010"": 0.105712890625, ""0011"": 0.02001953125, ""0100"": 0.1026611328125, ""0101"": 0.023193359375, ""0110"": 0.02197265625, ""0111"": 0.1033935546875, ""1000"": 0.0228271484375, ""1001"": 0.0987548828125, ""1010"": 0.1031494140625, ""1011"": 0.0198974609375, ""1100"": 0.106689453125, ""1101"": 0.02197265625, ""1110"": 0.0247802734375, ""1111"": 0.099609375}, ""5"": {""0000"": 0.0291748046875, ""0001"": 0.100341796875, ""0010"": 0.093994140625, ""0011"": 0.029541015625, ""0100"": 0.095947265625, ""0101"": 0.0350341796875, ""0110"": 0.0302734375, ""0111"": 0.0897216796875, ""1000"": 0.0286865234375, ""1001"": 0.0926513671875, ""1010"": 0.092041015625, ""1011"": 0.0322265625, ""1100"": 0.096923828125, ""1101"": 0.0272216796875, ""1110"": 0.028564453125, ""1111"": 0.09765625}}"
baseline,low,True,R3C1,8192,3,1,0.9807522326190984,0.9798609780922244,0.033912188728702386,0.9807522326190984,0.019247767380901608,"{""1"": {""0000"": 0.1134033203125, ""0001"": 0.1217041015625, ""0010"": 0.0084228515625, ""0011"": 0.0087890625, ""0100"": 0.0068359375, ""0101"": 0.0072021484375, ""0110"": 0.11669921875, ""0111"": 0.116943359375, ""1000"": 0.0067138671875, ""1001"": 0.0078125, ""1010"": 0.1180419921875, ""1011"": 0.116943359375, ""1100"": 0.118896484375, ""1101"": 0.114990234375, ""1110"": 0.0093994140625, ""1111"": 0.0072021484375}, ""3"": {""0000"": 0.1141357421875, ""0001"": 0.10498046875, ""0010"": 0.0169677734375, ""0011"": 0.0147705078125, ""0100"": 0.017333984375, ""0101"": 0.0166015625, ""0110"": 0.10986328125, ""0111"": 0.1123046875, ""1000"": 0.016357421875, ""1001"": 0.0166015625, ""1010"": 0.107177734375, ""1011"": 0.10888671875, ""1100"": 0.1068115234375, ""1101"": 0.105712890625, ""1110"": 0.0142822265625, ""1111"": 0.0172119140625}, ""5"": {""0000"": 0.1024169921875, ""0001"": 0.10302734375, ""0010"": 0.02099609375, ""0011"": 0.021240234375, ""0100"": 0.022216796875, ""0101"": 0.0208740234375, ""0110"": 0.1046142578125, ""0111"": 0.1123046875, ""1000"": 0.0213623046875, ""1001"": 0.0208740234375, ""1010"": 0.1019287109375, ""1011"": 0.0985107421875, ""1100"": 0.10546875, ""1101"": 0.101806640625, ""1110"": 0.02294921875, ""1111"": 0.0194091796875}}"
baseline,low,True,R3C2,8192,3,2,0.9701145229730346,0.9693322963989365,0.04217996684461054,0.9701145229730346,0.029885477026965375,"{""1"": {""0000"": 0.1104736328125, ""0001"": 0.011474609375, ""0010"": 0.1214599609375, ""0011"": 0.0089111328125, ""0100"": 0.0093994140625, ""0101"": 0.113037109375, ""0110"": 0.011962890625, ""0111"": 0.11328125, ""1000"": 0.0098876953125, ""1001"": 0.11474609375, ""1010"": 0.0091552734375, ""1011"": 0.11572265625, ""1100"": 0.1160888671875, ""1101"": 0.0098876953125, ""1110"": 0.1142578125, ""1111"": 0.01025390625}, ""3"": {""0000"": 0.1038818359375, ""0001"": 0.0213623046875, ""0010"": 0.1051025390625, ""0011"": 0.021240234375, ""0100"": 0.0245361328125, ""0101"": 0.10400390625, ""0110"": 0.0208740234375, ""0111"": 0.0986328125, ""1000"": 0.0201416015625, ""1001"": 0.1058349609375, ""1010"": 0.0220947265625, ""1011"": 0.10107421875, ""1100"": 0.0987548828125, ""1101"": 0.025146484375, ""1110"": 0.1092529296875, ""1111"": 0.01806640625}, ""5"": {""0000"": 0.0972900390625, ""0001"": 0.0308837890625, ""0010"": 0.0927734375, ""0011"": 0.0318603515625, ""0100"": 0.02978515625, ""0101"": 0.0970458984375, ""0110"": 0.029296875, ""0111"": 0.091064453125, ""1000"": 0.029296875, ""1001"": 0.09130859375, ""1010"": 0.0294189453125, ""1011"": 0.0960693359375, ""1100"": 0.097412109375, ""1101"": 0.0306396484375, ""1110"": 0.09228515625, ""1111"": 0.0335693359375}}"
baseline,low,True,R3C3,8192,3,3,0.95684814453125,0.9563569626148172,0.04609680175781225,0.95684814453125,0.04315185546874999,"{""1"": {""0000"": 0.009521484375, ""0001"": 0.1124267578125, ""0010"": 0.1221923828125, ""0011"": 0.0081787109375, ""0100"": 0.11279296875, ""0101"": 0.0096435546875, ""0110"": 0.0107421875, ""0111"": 0.114501953125, ""1000"": 0.11572265625, ""1001"": 0.0089111328125, ""1010"": 0.009521484375, ""1011"": 0.1153564453125, ""1100"": 0.0107421875, ""1101"": 0.115234375, ""1110"": 0.115234375, ""1111"": 0.00927734375}, ""3"": {""0000"": 0.0181884765625, ""0001"": 0.1123046875, ""0010"": 0.110595703125, ""0011"": 0.018798828125, ""0100"": 0.1038818359375, ""0101"": 0.01806640625, ""0110"": 0.01708984375, ""0111"": 0.101318359375, ""1000"": 0.10595703125, ""1001"": 0.0177001953125, ""1010"": 0.0185546875, ""1011"": 0.10546875, ""1100"": 0.0172119140625, ""1101"": 0.1077880859375, ""1110"": 0.1112060546875, ""1111"": 0.015869140625}, ""5"": {""0000"": 0.024169921875, ""0001"": 0.1009521484375, ""0010"": 0.098876953125, ""0011"": 0.02490234375, ""0100"": 0.101318359375, ""0101"": 0.026123046875, ""0110"": 0.0240478515625, ""0111"": 0.0906982421875, ""1000"": 0.09814453125, ""1001"": 0.025146484375, ""1010"": 0.024169921875, ""1011"": 0.1011962890625, ""1100"": 0.027099609375, ""1101"": 0.10205078125, ""1110"": 0.102783203125, ""1111"": 0.0283203125}}"
contextuality-preserving,medium,False,R1C1,8192,1,1,0.92431640625,0.9241988168014633,0.07568359374999982,0.92431640625,0.07568359375,{}
contextuality-preserving,medium,False,R1C2,8192,1,2,0.9075927734375,0.9074343314321858,0.09240722656249982,0.9075927734375,0.0924072265625,{}
contextuality-preserving,medium,False,R1C3,8192,1,3,0.90234375,0.9022086804268933,0.09765624999999982,0.90234375,0.09765625,{}
contextuality-preserving,medium,False,R2C1,8192,2,1,0.9093017578125,0.909226526691486,0.09069824218749982,0.9093017578125,0.0906982421875,{}
contextuality-preserving,medium,False,R2C2,8192,2,2,0.8970947265625,0.8969461598552393,0.10290527343749982,0.8970947265625,0.1029052734375,{}
contextuality-preserving,medium,False,R2C3,8192,2,3,0.8770751953125,0.8769027164112153,0.12292480468749982,0.8770751953125,0.1229248046875,{}
contextuality-preserving,medium,False,R3C1,8192,3,1,0.897705078125,0.897553819588737,0.10229492187499978,0.897705078125,0.102294921875,{}
contextuality-preserving,medium,False,R3C2,8192,3,2,0.8824462890625,0.8822851766152898,0.11755371093749978,0.8824462890625,0.1175537109375,{}
contextuality-preserving,medium,False,R3C3,8192,3,3,0.870849609375,0.870685882992771,0.12915039062499978,0.870849609375,0.129150390625,{}
baseline,medium,False,R1C1,8192,1,1,0.9002685546875,0.9001530912171398,0.09973144531249972,0.9002685546875,0.0997314453125,{}
baseline,medium,False,R1C2,8192,1,2,0.8663330078125,0.8661161787418382,0.13366699218749972,0.8663330078125,0.1336669921875,{}
baseline,medium,False,R1C3,8192,1,3,0.882080078125,0.881949289151089,0.11791992187499968,0.882080078125,0.117919921875,{}
baseline,medium,False,R2C1,8192,2,1,0.8692626953125,0.8691839444434304,0.1307373046874997,0.8692626953125,0.1307373046875,{}
baseline,medium,False,R2C2,8192,2,2,0.8638916015625,0.863742138308721,0.13610839843749972,0.8638916015625,0.1361083984375,{}
baseline,medium,False,R2C3,8192,2,3,0.837890625,0.8376883400097452,0.16210937499999967,0.837890625,0.162109375,{}
baseline,medium,False,R3C1,8192,3,1,0.8770751953125,0.8768874521392717,0.12292480468749958,0.8770751953125,0.1229248046875,{}
baseline,medium,False,R3C2,8192,3,2,0.8433837890625,0.8432249117010694,0.15661621093749958,0.8433837890625,0.1566162109375,{}
baseline,medium,False,R3C3,8192,3,3,0.84765625,0.8474559959152212,0.15234374999999958,0.84765625,0.15234375,{}
contextuality-preserving,medium,True,R1C1,8192,1,1,0.950408935546875,0.9501801987581012,0.0495910644531248,0.950408935546875,0.049591064453125,"{""1"": {""0000"": 0.112060546875, ""0001"": 0.1201171875, ""0010"": 0.01025390625, ""0011"": 0.010009765625, ""0100"": 0.111572265625, ""0101"": 0.1175537109375, ""0110"": 0.0096435546875, ""0111"": 0.0089111328125, ""1000"": 0.007568359375, ""1001"": 0.009521484375, ""1010"": 0.1165771484375, ""1011"": 0.115966796875, ""1100"": 0.0106201171875, ""1101"": 0.0091552734375, ""1110"": 0.1151123046875, ""1111"": 0.1153564453125}, ""3"": {""0000"": 0.1072998046875, ""0001"": 0.112060546875, ""0010"": 0.0169677734375, ""0011"": 0.0142822265625, ""0100"": 0.1051025390625, ""0101"": 0.1092529296875, ""0110"": 0.0155029296875, ""0111"": 0.0166015625, ""1000"": 0.015625, ""1001"": 0.014892578125, ""1010"": 0.1080322265625, ""1011"": 0.113037109375, ""1100"": 0.01904296875, ""1101"": 0.015869140625, ""1110"": 0.1065673828125, ""1111"": 0.10986328125}, ""5"": {""0000"": 0.1082763671875, ""0001"": 0.106201171875, ""0010"": 0.0225830078125, ""0011"": 0.0225830078125, ""0100"": 0.1002197265625, ""0101"": 0.1058349609375, ""0110"": 0.0238037109375, ""0111"": 0.0228271484375, ""1000"": 0.020751953125, ""1001"": 0.022705078125, ""1010"": 0.09375, ""1011"": 0.098876953125, ""1100"": 0.0230712890625, ""1101"": 0.0247802734375, ""1110"": 0.098876953125, ""1111"": 0.1048583984375}}"
contextuality-preserving,medium,True,R1C2,8192,1,2,0.9552841809976826,0.9546584391395811,0.05049396267837526,0.9552841809976826,0.044715819002317345,"{""1"": {""0000"": 0.1087646484375, ""0001"": 0.0133056640625, ""0010"": 0.1192626953125, ""0011"": 0.0111083984375, ""0100"": 0.1102294921875, ""0101"": 0.0111083984375, ""0110"": 0.1153564453125, ""0111"": 0.010986328125, ""1000"": 0.0111083984375, ""1001"": 0.114013671875, ""1010"": 0.01025390625, ""1011"": 0.1142578125, ""1100"": 0.01318359375, ""1101"": 0.1126708984375, ""1110"": 0.0125732421875, ""1111"": 0.11181640625}, ""3"": {""0000"": 0.100830078125, ""0001"": 0.022705078125, ""0010"": 0.103759765625, ""0011"": 0.0213623046875, ""0100"": 0.1033935546875, ""0101"": 0.0228271484375, ""0110"": 0.0960693359375, ""0111"": 0.021240234375, ""1000"": 0.026611328125, ""1001"": 0.1014404296875, ""1010"": 0.0235595703125, ""1011"": 0.1025390625, ""1100"": 0.0238037109375, ""1101"": 0.1014404296875, ""1110"": 0.0228271484375, ""1111"": 0.1055908203125}, ""5"": {""0000"": 0.0921630859375, ""0001"": 0.0316162109375, ""0010"": 0.0894775390625, ""0011"": 0.0380859375, ""0100"": 0.1009521484375, ""0101"": 0.0299072265625, ""0110"": 0.086181640625, ""0111"": 0.0347900390625, ""1000"": 0.0308837890625, ""1001"": 0.0924072265625, ""1010"": 0.03369140625, ""1011"": 0.094482421875, ""1100"": 0.0322265625, ""1101"": 0.0909423828125, ""1110"": 0.0341796875, ""1111"": 0.0880126953125}}"
contextuality-preserving,medium,True,R1C3,8192,1,3,0.9464263916015626,0.9449546715852724,0.06578063964843713,0.9464263916015626,0.053573608398437514,"{""1"": {""0000"": 0.0135498046875, ""0001"": 0.1085205078125, ""0010"": 0.1181640625, ""0011"": 0.01220703125, ""0100"": 0.01171875, ""0101"": 0.109619140625, ""0110"": 0.11328125, ""0111"": 0.0130615234375, ""1000"": 0.1131591796875, ""1001"": 0.011962890625, ""1010"": 0.0113525390625, ""1011"": 0.1131591796875, ""1100"": 0.1141357421875, ""1101"": 0.01171875, ""1110"": 0.0133056640625, ""1111"": 0.111083984375}, ""3"": {""0000"": 0.021728515625, ""0001"": 0.1016845703125, ""0010"": 0.09619140625, ""0011"": 0.0220947265625, ""0100"": 0.021240234375, ""0101"": 0.109130859375, ""0110"": 0.101318359375, ""0111"": 0.0228271484375, ""1000"": 0.101806640625, ""1001"": 0.0230712890625, ""1010"": 0.0244140625, ""1011"": 0.103271484375, ""1100"": 0.1029052734375, ""1101"": 0.02294921875, ""1110"": 0.0198974609375, ""1111"": 0.10546875}, ""5"": {""0000"": 0.0364990234375, ""0001"": 0.0870361328125, ""0010"": 0.095703125, ""0011"": 0.029052734375, ""0100"": 0.0301513671875, ""0101"": 0.0933837890625, ""0110"": 0.099609375, ""0111"": 0.0274658203125, ""1000"": 0.0955810546875, ""1001"": 0.029052734375, ""1010"": 0.03369140625, ""1011"": 0.0950927734375, ""1100"": 0.093505859375, ""1101"": 0.03125, ""1110"": 0.025390625, ""1111"": 0.0975341796875}}"
contextuality-preserving,medium,True,R2C1,8192,2,1,0.966915460776847,0.9663162834472847,0.04068926123381557,0.966915460776847,0.033084539223153124,"{""1"": {""0000"": 0.110107421875, ""0001"": 0.1175537109375, ""0010"": 0.0128173828125, ""0011"": 0.011962890625, ""0100"": 0.0108642578125, ""0101"": 0.0111083984375, ""0110"": 0.1138916015625, ""0111"": 0.11181640625, ""1000"": 0.1142578125, ""1001"": 0.11474609375, ""1010"": 0.0098876953125, ""1011"": 0.0107421875, ""1100"": 0.012939453125, ""1101"": 0.01220703125, ""1110"": 0.1134033203125, ""1111"": 0.1116943359375}, ""3"": {""0000"": 0.10400390625, ""0001"": 0.1021728515625, ""0010"": 0.0235595703125, ""0011"": 0.0233154296875, ""0100"": 0.0228271484375, ""0101"": 0.023193359375, ""0110"": 0.107177734375, ""0111"": 0.09912109375, ""1000"": 0.0980224609375, ""1001"": 0.0980224609375, ""1010"": 0.0260009765625, ""1011"": 0.0220947265625, ""1100"": 0.023681640625, ""1101"": 0.026123046875, ""1110"": 0.098876953125, ""1111"": 0.101806640625}, ""5"": {""0000"": 0.0955810546875, ""0001"": 0.1002197265625, ""0010"": 0.0318603515625, ""0011"": 0.032470703125, ""0100"": 0.0347900390625, ""0101"": 0.0302734375, ""0110"": 0.094970703125, ""0111"": 0.090087890625, ""1000"": 0.0924072265625, ""1001"": 0.0906982421875, ""1010"": 0.0325927734375, ""1011"": 0.03125, ""1100"": 0.03173828125, ""1101"": 0.0321044921875, ""1110"": 0.08984375, ""1111"": 0.089111328125}}"
contextuality-preserving,medium,True,R2C2,8192,2,2,0.9509542188524966,0.9503576481459923,0.056660081463288,0.9509542188524966,0.04904578114750344,"{""1"": {""0000"": 0.1080322265625, ""0001"": 0.0140380859375, ""0010"": 0.1182861328125, ""0011"": 0.0120849609375, ""0100"": 0.0115966796875, ""0101"": 0.1097412109375, ""0110"": 0.015380859375, ""0111"": 0.1109619140625, ""1000"": 0.1141357421875, ""1001"": 0.010986328125, ""1010"": 0.1121826171875, ""1011"": 0.0123291015625, ""1100"": 0.014404296875, ""1101"": 0.1114501953125, ""1110"": 0.01318359375, ""1111"": 0.1112060546875}, ""3"": {""0000"": 0.09716796875, ""0001"": 0.02490234375, ""0010"": 0.099365234375, ""0011"": 0.027587890625, ""0100"": 0.028564453125, ""0101"": 0.1024169921875, ""0110"": 0.025634765625, ""0111"": 0.0985107421875, ""1000"": 0.09814453125, ""1001"": 0.0267333984375, ""1010"": 0.103271484375, ""1011"": 0.0242919921875, ""1100"": 0.02197265625, ""1101"": 0.0994873046875, ""1110"": 0.0211181640625, ""1111"": 0.100830078125}, ""5"": {""0000"": 0.095458984375, ""0001"": 0.0374755859375, ""0010"": 0.093505859375, ""0011"": 0.0328369140625, ""0100"": 0.03662109375, ""0101"": 0.0936279296875, ""0110"": 0.036865234375, ""0111"": 0.0887451171875, ""1000"": 0.0870361328125, ""1001"": 0.0357666015625, ""1010"": 0.087890625, ""1011"": 0.0355224609375, ""1100"": 0.0303955078125, ""1101"": 0.0859375, ""1110"": 0.0340576171875, ""1111"": 0.0882568359375}}"
contextuality-preserving,medium,True,R2C3,8192,2,3,0.935089111328125,0.9343424091190671,0.07110595703124971,0.935089111328125,0.06491088867187501,"{""1"": {""0000"": 0.0150146484375, ""0001"": 0.1070556640625, ""0010"": 0.1156005859375, ""0011"": 0.0147705078125, ""0100"": 0.104248046875, ""0101"": 0.01708984375, ""0110"": 0.018310546875, ""0111"": 0.1080322265625, ""1000"": 0.0146484375, ""1001"": 0.1104736328125, ""1010"": 0.10986328125, ""1011"": 0.0146484375, ""1100"": 0.11181640625, ""1101"": 0.0140380859375, ""1110"": 0.015380859375, ""1111"": 0.1090087890625}, ""3"": {""0000"": 0.0252685546875, ""0001"": 0.092529296875, ""0010"": 0.0941162109375, ""0011"": 0.032470703125, ""0100"": 0.096923828125, ""0101"": 0.027587890625, ""0110"": 0.029541015625, ""0111"": 0.100830078125, ""1000"": 0.0279541015625, ""1001"": 0.098388671875, ""1010"": 0.0947265625, ""1011"": 0.0262451171875, ""1100"": 0.100341796875, ""1101"": 0.0255126953125, ""1110"": 0.028076171875, ""1111"": 0.0994873046875}, ""5"": {""0000"": 0.034912109375, ""0001"": 0.08935546875, ""0010"": 0.0855712890625, ""0011"": 0.037841796875, ""0100"": 0.0921630859375, ""0101"": 0.038330078125, ""0110"": 0.0322265625, ""0111"": 0.087158203125, ""1000"": 0.038330078125, ""1001"": 0.0875244140625, ""1010"": 0.0877685546875, ""1011"": 0.03564453125, ""1100"": 0.0858154296875, ""1101"": 0.0384521484375, ""1110"": 0.0400390625, ""1111"": 0.0888671875}}"
contextuality-preserving,medium,True,R3C1,8192,3,1,0.934417724609375,0.9338279777631494,0.06909179687499979,0.934417724609375,0.06558227539062501,"{""1"": {""0000"": 0.1082763671875, ""0001"": 0.1175537109375, ""0010"": 0.0137939453125, ""0011"": 0.0128173828125, ""0100"": 0.010498046875, ""0101"": 0.01318359375, ""0110"": 0.112060546875, ""0111"": 0.1119384765625, ""1000"": 0.0103759765625, ""1001"": 0.013916015625, ""1010"": 0.11328125, ""1011"": 0.112060546875, ""1100"": 0.114501953125, ""1101"": 0.1080322265625, ""1110"": 0.014892578125, ""1111"": 0.0128173828125}, ""3"": {""0000"": 0.102294921875, ""0001"": 0.103515625, ""0010"": 0.024658203125, ""0011"": 0.01904296875, ""0100"": 0.0213623046875, ""0101"": 0.0245361328125, ""0110"": 0.103515625, ""0111"": 0.1058349609375, ""1000"": 0.021728515625, ""1001"": 0.0191650390625, ""1010"": 0.1025390625, ""1011"": 0.10302734375, ""1100"": 0.104248046875, ""1101"": 0.1024169921875, ""1110"": 0.0223388671875, ""1111"": 0.019775390625}, ""5"": {""0000"": 0.0892333984375, ""0001"": 0.0999755859375, ""0010"": 0.0303955078125, ""0011"": 0.0306396484375, ""0100"": 0.030029296875, ""0101"": 0.0306396484375, ""0110"": 0.09228515625, ""0111"": 0.09521484375, ""1000"": 0.0311279296875, ""1001"": 0.0272216796875, ""1010"": 0.0941162109375, ""1011"": 0.0965576171875, ""1100"": 0.09716796875, ""1101"": 0.0966796875, ""1110"": 0.029296875, ""1111"": 0.0294189453125}}"
contextuality-preserving,medium,True,R3C2,8192,3,2,0.9381256103515627,0.9375201151458831,0.06419372558593728,0.9381256103515627,0.061874389648437514,"{""1"": {""0000"": 0.10546875, ""0001"": 0.0166015625, ""0010"": 0.1163330078125, ""0011"": 0.0140380859375, ""0100"": 0.012939453125, ""0101"": 0.1083984375, ""0110"": 0.0167236328125, ""0111"": 0.109619140625, ""1000"": 0.0130615234375, ""1001"": 0.112060546875, ""1010"": 0.013916015625, ""1011"": 0.110595703125, ""1100"": 0.1114501953125, ""1101"": 0.014404296875, ""1110"": 0.1085205078125, ""1111"": 0.015869140625}, ""3"": {""0000"": 0.0986328125, ""0001"": 0.0245361328125, ""0010"": 0.098388671875, ""0011"": 0.0252685546875, ""0100"": 0.0267333984375, ""0101"": 0.09716796875, ""0110"": 0.027587890625, ""0111"": 0.0982666015625, ""1000"": 0.028076171875, ""1001"": 0.0982666015625, ""1010"": 0.0244140625, ""1011"": 0.0975341796875, ""1100"": 0.0963134765625, ""1101"": 0.02978515625, ""1110"": 0.101806640625, ""1111"": 0.0272216796875}, ""5"": {""0000"": 0.0902099609375, ""0001"": 0.03857421875, ""0010"": 0.0858154296875, ""0011"": 0.03515625, ""0100"": 0.0357666015625, ""0101"": 0.083251953125, ""0110"": 0.0361328125, ""0111"": 0.088134765625, ""1000"": 0.03466796875, ""1001"": 0.0872802734375, ""1010"": 0.0352783203125, ""1011"": 0.0887451171875, ""1100"": 0.09326171875, ""1101"": 0.0357666015625, ""1110"": 0.093994140625, ""1111"": 0.0379638671875}}"
contextuality-preserving,medium,True,R3C3,8192,3,3,0.913909912109375,0.9133293013364063,0.08897399902343736,0.913909912109375,0.086090087890625,"{""1"": {""0000"": 0.0167236328125, ""0001"": 0.1053466796875, ""0010"": 0.115234375, ""0011"": 0.01513671875, ""0100"": 0.1055908203125, ""0101"": 0.0157470703125, ""0110"": 0.0185546875, ""0111"": 0.1077880859375, ""1000"": 0.111083984375, ""1001"": 0.0140380859375, ""1010"": 0.014892578125, ""1011"": 0.109619140625, ""1100"": 0.0172119140625, ""1101"": 0.108642578125, ""1110"": 0.1075439453125, ""1111"": 0.016845703125}, ""3"": {""0000"": 0.0296630859375, ""0001"": 0.097900390625, ""0010"": 0.0960693359375, ""0011"": 0.0250244140625, ""0100"": 0.09619140625, ""0101"": 0.0247802734375, ""0110"": 0.02734375, ""0111"": 0.102783203125, ""1000"": 0.1021728515625, ""1001"": 0.028076171875, ""1010"": 0.024658203125, ""1011"": 0.099853515625, ""1100"": 0.022705078125, ""1101"": 0.0966796875, ""1110"": 0.0980224609375, ""1111"": 0.028076171875}, ""5"": {""0000"": 0.0340576171875, ""0001"": 0.0906982421875, ""0010"": 0.0850830078125, ""0011"": 0.0345458984375, ""0100"": 0.0888671875, ""0101"": 0.03466796875, ""0110"": 0.0328369140625, ""0111"": 0.0916748046875, ""1000"": 0.0938720703125, ""1001"": 0.04052734375, ""1010"": 0.034912109375, ""1011"": 0.0859375, ""1100"": 0.0384521484375, ""1101"": 0.090087890625, ""1110"": 0.0888671875, ""1111"": 0.034912109375}}"
baseline,medium,True,R1C1,8192,1,1,0.94720458984375,0.9467679051413367,0.05551147460937461,0.94720458984375,0.05279541015625003,"{""1"": {""0000"": 0.109130859375, ""0001"": 0.1175537109375, ""0010"": 0.0133056640625, ""0011"": 0.012451171875, ""0100"": 0.109375, ""0101"": 0.1141357421875, ""0110"": 0.0120849609375, ""0111"": 0.0120849609375, ""1000"": 0.010986328125, ""1001"": 0.0123291015625, ""1010"": 0.1124267578125, ""1011"": 0.1138916015625, ""1100"": 0.0130615234375, ""1101"": 0.013427734375, ""1110"": 0.1121826171875, ""1111"": 0.111572265625}, ""3"": {""0000"": 0.1029052734375, ""0001"": 0.10107421875, ""0010"": 0.024169921875, ""0011"": 0.0233154296875, ""0100"": 0.098388671875, ""0101"": 0.10546875, ""0110"": 0.0203857421875, ""0111"": 0.0224609375, ""1000"": 0.0230712890625, ""1001"": 0.0262451171875, ""1010"": 0.1011962890625, ""1011"": 0.1004638671875, ""1100"": 0.02294921875, ""1101"": 0.022216796875, ""1110"": 0.1031494140625, ""1111"": 0.1025390625}, ""5"": {""0000"": 0.0899658203125, ""0001"": 0.0897216796875, ""0010"": 0.031982421875, ""0011"": 0.0303955078125, ""0100"": 0.0943603515625, ""0101"": 0.0887451171875, ""0110"": 0.033447265625, ""0111"": 0.0291748046875, ""1000"": 0.0286865234375, ""1001"": 0.03515625, ""1010"": 0.09619140625, ""1011"": 0.09423828125, ""1100"": 0.0340576171875, ""1101"": 0.0352783203125, ""1110"": 0.095947265625, ""1111"": 0.0926513671875}}"
baseline,medium,True,R1C2,8192,1,2,0.9584840023801896,0.9573236631586238,0.05365153110266833,0.9584840023801896,0.04151599761981058,"{""1"": {""0000"": 0.1033935546875, ""0001"": 0.0186767578125, ""0010"": 0.11474609375, ""0011"": 0.015625, ""0100"": 0.10400390625, ""0101"": 0.017333984375, ""0110"": 0.1109619140625, ""0111"": 0.015380859375, ""1000"": 0.015869140625, ""1001"": 0.1092529296875, ""1010"": 0.0155029296875, ""1011"": 0.1090087890625, ""1100"": 0.018798828125, ""1101"": 0.1070556640625, ""1110"": 0.0164794921875, ""1111"": 0.10791015625}, ""3"": {""0000"": 0.095458984375, ""0001"": 0.03173828125, ""0010"": 0.08642578125, ""0011"": 0.0350341796875, ""0100"": 0.086669921875, ""0101"": 0.0350341796875, ""0110"": 0.089599609375, ""0111"": 0.036865234375, ""1000"": 0.0335693359375, ""1001"": 0.0916748046875, ""1010"": 0.03466796875, ""1011"": 0.091552734375, ""1100"": 0.03857421875, ""1101"": 0.089599609375, ""1110"": 0.0323486328125, ""1111"": 0.0911865234375}, ""5"": {""0000"": 0.0810546875, ""0001"": 0.0487060546875, ""0010"": 0.080078125, ""0011"": 0.0426025390625, ""0100"": 0.0809326171875, ""0101"": 0.0416259765625, ""0110"": 0.076416015625, ""0111"": 0.0457763671875, ""1000"": 0.044189453125, ""1001"": 0.0771484375, ""1010"": 0.0540771484375, ""1011"": 0.0771484375, ""1100"": 0.0462646484375, ""1101"": 0.0819091796875, ""1110"": 0.0450439453125, ""1111"": 0.0770263671875}}"
baseline,medium,True,R1C3,8192,1,3,0.95123291015625,0.9500253689258121,0.0631713867187495,0.95123291015625,0.048767089843750056,"{""1"": {""0000"": 0.0157470703125, ""0001"": 0.1063232421875, ""0010"": 0.1153564453125, ""0011"": 0.0150146484375, ""0100"": 0.0142822265625, ""0101"": 0.1070556640625, ""0110"": 0.111083984375, ""0111"": 0.0152587890625, ""1000"": 0.111572265625, ""1001"": 0.0135498046875, ""1010"": 0.0140380859375, ""1011"": 0.1104736328125, ""1100"": 0.1114501953125, ""1101"": 0.014404296875, ""1110"": 0.015625, ""1111"": 0.1087646484375}, ""3"": {""0000"": 0.0335693359375, ""0001"": 0.0889892578125, ""0010"": 0.0899658203125, ""0011"": 0.026123046875, ""0100"": 0.0272216796875, ""0101"": 0.100830078125, ""0110"": 0.09619140625, ""0111"": 0.0311279296875, ""1000"": 0.1019287109375, ""1001"": 0.0286865234375, ""1010"": 0.024658203125, ""1011"": 0.0968017578125, ""1100"": 0.097900390625, ""1101"": 0.0283203125, ""1110"": 0.0294189453125, ""1111"": 0.0982666015625}, ""5"": {""0000"": 0.0362548828125, ""0001"": 0.083984375, ""0010"": 0.0948486328125, ""0011"": 0.0401611328125, ""0100"": 0.035888671875, ""0101"": 0.089111328125, ""0110"": 0.0865478515625, ""0111"": 0.039306640625, ""1000"": 0.087158203125, ""1001"": 0.041015625, ""1010"": 0.038330078125, ""1011"": 0.080322265625, ""1100"": 0.08837890625, ""1101"": 0.0357666015625, ""1110"": 0.0374755859375, ""1111"": 0.08544921875}}"
baseline,medium,True,R2C1,8192,2,1,0.9569040398652869,0.9565742985307759,0.044518904009387086,0.9569040398652869,0.04309596013471302,"{""1"": {""0000"": 0.10498046875, ""0001"": 0.1119384765625, ""0010"": 0.0189208984375, ""0011"": 0.0166015625, ""0100"": 0.0146484375, ""0101"": 0.0155029296875, ""0110"": 0.109619140625, ""0111"": 0.10791015625, ""1000"": 0.1107177734375, ""1001"": 0.1092529296875, ""1010"": 0.014404296875, ""1011"": 0.0152587890625, ""1100"": 0.01806640625, ""1101"": 0.017333984375, ""1110"": 0.1068115234375, ""1111"": 0.1080322265625}, ""3"": {""0000"": 0.0897216796875, ""0001"": 0.0966796875, ""0010"": 0.033447265625, ""0011"": 0.034912109375, ""0100"": 0.033447265625, ""0101"": 0.0311279296875, ""0110"": 0.088134765625, ""0111"": 0.0966796875, ""1000"": 0.0867919921875, ""1001"": 0.09033203125, ""1010"": 0.0352783203125, ""1011"": 0.035888671875, ""1100"": 0.036865234375, ""1101"": 0.02880859375, ""1110"": 0.0916748046875, ""1111"": 0.0902099609375}, ""5"": {""0000"": 0.0853271484375, ""0001"": 0.0819091796875, ""0010"": 0.0452880859375, ""0011"": 0.0428466796875, ""0100"": 0.0430908203125, ""0101"": 0.0460205078125, ""0110"": 0.083251953125, ""0111"": 0.0821533203125, ""1000"": 0.069091796875, ""1001"": 0.080078125, ""1010"": 0.0421142578125, ""1011"": 0.046142578125, ""1100"": 0.0462646484375, ""1101"": 0.04541015625, ""1110"": 0.0810546875, ""1111"": 0.0799560546875}}"
baseline,medium,True,R2C2,8192,2,2,0.9587795083962033,0.9580752721166006,0.04643769773667542,0.9587795083962033,0.04122049160379663,"{""1"": {""0000"": 0.1036376953125, ""0001"": 0.0184326171875, ""0010"": 0.114013671875, ""0011"": 0.016357421875, ""0100"": 0.014404296875, ""0101"": 0.10693359375, ""0110"": 0.019287109375, ""0111"": 0.1070556640625, ""1000"": 0.1102294921875, ""1001"": 0.014892578125, ""1010"": 0.1082763671875, ""1011"": 0.0162353515625, ""1100"": 0.0194091796875, ""1101"": 0.1064453125, ""1110"": 0.01708984375, ""1111"": 0.1072998046875}, ""3"": {""0000"": 0.09130859375, ""0001"": 0.0364990234375, ""0010"": 0.0902099609375, ""0011"": 0.03564453125, ""0100"": 0.037841796875, ""0101"": 0.0859375, ""0110"": 0.03564453125, ""0111"": 0.089599609375, ""1000"": 0.091796875, ""1001"": 0.0341796875, ""1010"": 0.088134765625, ""1011"": 0.0321044921875, ""1100"": 0.0362548828125, ""1101"": 0.0927734375, ""1110"": 0.036376953125, ""1111"": 0.085693359375}, ""5"": {""0000"": 0.078125, ""0001"": 0.05029296875, ""0010"": 0.0789794921875, ""0011"": 0.04345703125, ""0100"": 0.045654296875, ""0101"": 0.0714111328125, ""0110"": 0.0455322265625, ""0111"": 0.0838623046875, ""1000"": 0.08349609375, ""1001"": 0.0433349609375, ""1010"": 0.080810546875, ""1011"": 0.05224609375, ""1100"": 0.0445556640625, ""1101"": 0.07373046875, ""1110"": 0.044677734375, ""1111"": 0.079833984375}}"
baseline,medium,True,R2C3,8192,2,3,0.9246520996093749,0.9241765554605201,0.07534790039062475,0.9246520996093749,0.07534790039062507,"{""1"": {""0000"": 0.021240234375, ""0001"": 0.100830078125, ""0010"": 0.110595703125, ""0011"": 0.019775390625, ""0100"": 0.099365234375, ""0101"": 0.02197265625, ""0110"": 0.022216796875, ""0111"": 0.1041259765625, ""1000"": 0.0196533203125, ""1001"": 0.10546875, ""1010"": 0.10595703125, ""1011"": 0.0185546875, ""1100"": 0.106689453125, ""1101"": 0.0191650390625, ""1110"": 0.01953125, ""1111"": 0.1048583984375}, ""3"": {""0000"": 0.0355224609375, ""0001"": 0.0859375, ""0010"": 0.0908203125, ""0011"": 0.0345458984375, ""0100"": 0.0872802734375, ""0101"": 0.0380859375, ""0110"": 0.042236328125, ""0111"": 0.0887451171875, ""1000"": 0.035400390625, ""1001"": 0.085205078125, ""1010"": 0.0870361328125, ""1011"": 0.0355224609375, ""1100"": 0.092041015625, ""1101"": 0.0401611328125, ""1110"": 0.0340576171875, ""1111"": 0.08740234375}, ""5"": {""0000"": 0.0487060546875, ""0001"": 0.0772705078125, ""0010"": 0.0826416015625, ""0011"": 0.0439453125, ""0100"": 0.07861328125, ""0101"": 0.0479736328125, ""0110"": 0.0469970703125, ""0111"": 0.07666015625, ""1000"": 0.0484619140625, ""1001"": 0.072998046875, ""1010"": 0.07861328125, ""1011"": 0.047119140625, ""1100"": 0.080810546875, ""1101"": 0.0426025390625, ""1110"": 0.0496826171875, ""1111"": 0.076904296875}}"
baseline,medium,True,R3C1,8192,3,1,0.9429779052734374,0.9418861607521999,0.06399536132812499,0.9429779052734374,0.057022094726562535,"{""1"": {""0000"": 0.1048583984375, ""0001"": 0.115478515625, ""0010"": 0.0164794921875, ""0011"": 0.015625, ""0100"": 0.0130615234375, ""0101"": 0.013916015625, ""0110"": 0.11181640625, ""0111"": 0.10888671875, ""1000"": 0.0130615234375, ""1001"": 0.0177001953125, ""1010"": 0.1094970703125, ""1011"": 0.109375, ""1100"": 0.111572265625, ""1101"": 0.1055908203125, ""1110"": 0.0177001953125, ""1111"": 0.015380859375}, ""3"": {""0000"": 0.0977783203125, ""0001"": 0.09326171875, ""0010"": 0.0250244140625, ""0011"": 0.02880859375, ""0100"": 0.02734375, ""0101"": 0.029296875, ""0110"": 0.0955810546875, ""0111"": 0.099853515625, ""1000"": 0.02734375, ""1001"": 0.0296630859375, ""1010"": 0.100341796875, ""1011"": 0.0958251953125, ""1100"": 0.09521484375, ""1101"": 0.0953369140625, ""1110"": 0.0272216796875, ""1111"": 0.0321044921875}, ""5"": {""0000"": 0.0833740234375, ""0001"": 0.0836181640625, ""0010"": 0.0360107421875, ""0011"": 0.0361328125, ""0100"": 0.0355224609375, ""0101"": 0.033447265625, ""0110"": 0.0943603515625, ""0111"": 0.0943603515625, ""1000"": 0.0377197265625, ""1001"": 0.0340576171875, ""1010"": 0.0892333984375, ""1011"": 0.0816650390625, ""1100"": 0.0931396484375, ""1101"": 0.0867919921875, ""1110"": 0.0399169921875, ""1111"": 0.0406494140625}}"
baseline,medium,True,R3C2,8192,3,2,0.9311695238095237,0.9304960774624693,0.07414666666666646,0.9311695238095237,0.06883047619047623,"{""1"": {""0000"": 0.10107421875, ""0001"": 0.02099609375, ""0010"": 0.11181640625, ""0011"": 0.0185546875, ""0100"": 0.0159912109375, ""0101"": 0.1053466796875, ""0110"": 0.0206298828125, ""0111"": 0.105712890625, ""1000"": 0.01806640625, ""1001"": 0.1070556640625, ""1010"": 0.0189208984375, ""1011"": 0.1055908203125, ""1100"": 0.10595703125, ""1101"": 0.0198974609375, ""1110"": 0.102294921875, ""1111"": 0.0220947265625}, ""3"": {""0000"": 0.087890625, ""0001"": 0.0369873046875, ""0010"": 0.087646484375, ""0011"": 0.036865234375, ""0100"": 0.0394287109375, ""0101"": 0.0877685546875, ""0110"": 0.03515625, ""0111"": 0.090576171875, ""1000"": 0.033203125, ""1001"": 0.091064453125, ""1010"": 0.03564453125, ""1011"": 0.084228515625, ""1100"": 0.093994140625, ""1101"": 0.0379638671875, ""1110"": 0.0853271484375, ""1111"": 0.0362548828125}, ""5"": {""0000"": 0.0767822265625, ""0001"": 0.04638671875, ""0010"": 0.0810546875, ""0011"": 0.04931640625, ""0100"": 0.0478515625, ""0101"": 0.0732421875, ""0110"": 0.0491943359375, ""0111"": 0.078857421875, ""1000"": 0.0482177734375, ""1001"": 0.078369140625, ""1010"": 0.0469970703125, ""1011"": 0.0771484375, ""1100"": 0.0806884765625, ""1101"": 0.0430908203125, ""1110"": 0.0777587890625, ""1111"": 0.0450439453125}}"
baseline,medium,True,R3C3,8192,3,3,0.901275634765625,0.900160713539509,0.09872436523437461,0.901275634765625,0.09872436523437501,"{""1"": {""0000"": 0.01953125, ""0001"": 0.1025390625, ""0010"": 0.1123046875, ""0011"": 0.01806640625, ""0100"": 0.1014404296875, ""0101"": 0.0198974609375, ""0110"": 0.020751953125, ""0111"": 0.1055908203125, ""1000"": 0.109130859375, ""1001"": 0.0159912109375, ""1010"": 0.0179443359375, ""1011"": 0.1065673828125, ""1100"": 0.0201416015625, ""1101"": 0.105712890625, ""1110"": 0.1043701171875, ""1111"": 0.02001953125}, ""3"": {""0000"": 0.03076171875, ""0001"": 0.0955810546875, ""0010"": 0.09619140625, ""0011"": 0.0328369140625, ""0100"": 0.09326171875, ""0101"": 0.03173828125, ""0110"": 0.0306396484375, ""0111"": 0.0936279296875, ""1000"": 0.0902099609375, ""1001"": 0.0308837890625, ""1010"": 0.0322265625, ""1011"": 0.0924072265625, ""1100"": 0.031005859375, ""1101"": 0.090576171875, ""1110"": 0.0986328125, ""1111"": 0.0294189453125}, ""5"": {""0000"": 0.0433349609375, ""0001"": 0.0841064453125, ""0010"": 0.087158203125, ""0011"": 0.0418701171875, ""0100"": 0.0804443359375, ""0101"": 0.0404052734375, ""0110"": 0.0384521484375, ""0111"": 0.080078125, ""1000"": 0.0853271484375, ""1001"": 0.044921875, ""1010"": 0.0389404296875, ""1011"": 0.084228515625, ""1100"": 0.044189453125, ""1101"": 0.083984375, ""1110"": 0.0814208984375, ""1111"": 0.0411376953125}}"
contextuality-preserving,high,False,R1C1,8192,1,1,0.8572998046875,0.8571508557095484,0.1427001953124998,0.8572998046875,0.1427001953125,{}
contextuality-preserving,high,False,R1C2,8192,1,2,0.8248291015625,0.8246911941995962,0.17517089843749978,0.8248291015625,0.1751708984375,{}
contextuality-preserving,high,False,R1C3,8192,1,3,0.822265625,0.8221856706982675,0.17773437499999978,0.822265625,0.177734375,{}
contextuality-preserving,high,False,R2C1,8192,2,1,0.8321533203125,0.8320960307887822,0.1678466796874998,0.8321533203125,0.1678466796875,{}
contextuality-preserving,high,False,R2C2,8192,2,2,0.82275390625,0.8226629884258132,0.17724609374999978,0.82275390625,0.17724609375,{}
contextuality-preserving,high,False,R2C3,8192,2,3,0.7828369140625,0.7826974054020962,0.21716308593749978,0.7828369140625,0.2171630859375,{}
contextuality-preserving,high,False,R3C1,8192,3,1,0.8121337890625,0.8120605084279635,0.18786621093749978,0.8121337890625,0.1878662109375,{}
contextuality-preserving,high,False,R3C2,8192,3,2,0.791259765625,0.7911467474883187,0.20874023437499978,0.791259765625,0.208740234375,{}
contextuality-preserving,high,False,R3C3,8192,3,3,0.7705078125,0.7703210662132751,0.22949218749999978,0.7705078125,0.2294921875,{}
baseline,high,False,R1C1,8192,1,1,0.81982421875,0.8196584513165263,0.18017578124999972,0.81982421875,0.18017578125,{}
baseline,high,False,R1C2,8192,1,2,0.7603759765625,0.7602438897207581,0.23962402343749972,0.7603759765625,0.2396240234375,{}
baseline,high,False,R1C3,8192,1,3,0.790771484375,0.7906962766482705,0.2092285156249997,0.790771484375,0.209228515625,{}
baseline,high,False,R2C1,8192,2,1,0.76953125,0.7694896361035068,0.23046874999999967,0.76953125,0.23046875,{}
baseline,high,False,R2C2,8192,2,2,0.7586669921875,0.7585657957882159,0.24133300781249972,0.7586669921875,0.2413330078125,{}
baseline,high,False,R2C3,8192,2,3,0.7257080078125,0.7255468535176285,0.27429199218749967,0.7257080078125,0.2742919921875,{}
baseline,high,False,R3C1,8192,3,1,0.7796630859375,0.7795842470263852,0.22033691406249958,0.7796630859375,0.2203369140625,{}
baseline,high,False,R3C2,8192,3,2,0.73291015625,0.7328505466160298,0.26708984374999956,0.73291015625,0.26708984375,{}
baseline,high,False,R3C3,8192,3,3,0.744873046875,0.7447238268561688,0.25512695312499956,0.744873046875,0.255126953125,{}
contextuality-preserving,high,True,R1C1,8192,1,1,0.9023590087890625,0.9020966394370709,0.09764099121093736,0.9023590087890625,0.09764099121093753,"{""1"": {""0000"": 0.1044921875, ""0001"": 0.1134033203125, ""0010"": 0.01806640625, ""0011"": 0.0177001953125, ""0100"": 0.1033935546875, ""0101"": 0.1083984375, ""0110"": 0.0181884765625, ""0111"": 0.01806640625, ""1000"": 0.0150146484375, ""1001"": 0.019287109375, ""1010"": 0.1068115234375, ""1011"": 0.10791015625, ""1100"": 0.0181884765625, ""1101"": 0.0181884765625, ""1110"": 0.105712890625, ""1111"": 0.107177734375}, ""3"": {""0000"": 0.09814453125, ""0001"": 0.1005859375, ""0010"": 0.030517578125, ""0011"": 0.027099609375, ""0100"": 0.0904541015625, ""0101"": 0.0947265625, ""0110"": 0.0264892578125, ""0111"": 0.027587890625, ""1000"": 0.026123046875, ""1001"": 0.0299072265625, ""1010"": 0.09716796875, ""1011"": 0.0975341796875, ""1100"": 0.0303955078125, ""1101"": 0.0296630859375, ""1110"": 0.0950927734375, ""1111"": 0.0985107421875}, ""5"": {""0000"": 0.0869140625, ""0001"": 0.0843505859375, ""0010"": 0.037353515625, ""0011"": 0.0404052734375, ""0100"": 0.0872802734375, ""0101"": 0.0882568359375, ""0110"": 0.040283203125, ""0111"": 0.0404052734375, ""1000"": 0.03662109375, ""1001"": 0.0372314453125, ""1010"": 0.0855712890625, ""1011"": 0.0865478515625, ""1100"": 0.0384521484375, ""1101"": 0.035400390625, ""1110"": 0.0882568359375, ""1111"": 0.086669921875}}"
contextuality-preserving,high,True,R1C2,8192,1,2,0.9149932861328124,0.9145184916245843,0.0850067138671874,0.9149932861328124,0.08500671386718764,"{""1"": {""0000"": 0.1004638671875, ""0001"": 0.0252685546875, ""0010"": 0.107421875, ""0011"": 0.0205078125, ""0100"": 0.098876953125, ""0101"": 0.022216796875, ""0110"": 0.1055908203125, ""0111"": 0.0213623046875, ""1000"": 0.0208740234375, ""1001"": 0.1031494140625, ""1010"": 0.0205078125, ""1011"": 0.1044921875, ""1100"": 0.023193359375, ""1101"": 0.1009521484375, ""1110"": 0.021240234375, ""1111"": 0.1038818359375}, ""3"": {""0000"": 0.0867919921875, ""0001"": 0.0390625, ""0010"": 0.086669921875, ""0011"": 0.035400390625, ""0100"": 0.0848388671875, ""0101"": 0.0404052734375, ""0110"": 0.088623046875, ""0111"": 0.037109375, ""1000"": 0.04052734375, ""1001"": 0.08642578125, ""1010"": 0.0380859375, ""1011"": 0.0860595703125, ""1100"": 0.0379638671875, ""1101"": 0.087158203125, ""1110"": 0.041259765625, ""1111"": 0.0836181640625}, ""5"": {""0000"": 0.076171875, ""0001"": 0.048583984375, ""0010"": 0.0780029296875, ""0011"": 0.044677734375, ""0100"": 0.0760498046875, ""0101"": 0.050048828125, ""0110"": 0.0728759765625, ""0111"": 0.0458984375, ""1000"": 0.0474853515625, ""1001"": 0.076416015625, ""1010"": 0.0511474609375, ""1011"": 0.0765380859375, ""1100"": 0.0494384765625, ""1101"": 0.077880859375, ""1110"": 0.0462646484375, ""1111"": 0.08251953125}}"
contextuality-preserving,high,True,R1C3,8192,1,3,0.896484375,0.8961331955247712,0.10351562499999983,0.896484375,0.10351562500000011,"{""1"": {""0000"": 0.025634765625, ""0001"": 0.10009765625, ""0010"": 0.1065673828125, ""0011"": 0.0213623046875, ""0100"": 0.0213623046875, ""0101"": 0.0997314453125, ""0110"": 0.1031494140625, ""0111"": 0.0238037109375, ""1000"": 0.10400390625, ""1001"": 0.02001953125, ""1010"": 0.022216796875, ""1011"": 0.102783203125, ""1100"": 0.1021728515625, ""1101"": 0.02197265625, ""1110"": 0.022705078125, ""1111"": 0.1024169921875}, ""3"": {""0000"": 0.0379638671875, ""0001"": 0.087158203125, ""0010"": 0.090576171875, ""0011"": 0.034912109375, ""0100"": 0.035400390625, ""0101"": 0.0860595703125, ""0110"": 0.0938720703125, ""0111"": 0.03369140625, ""1000"": 0.087158203125, ""1001"": 0.0377197265625, ""1010"": 0.035400390625, ""1011"": 0.0880126953125, ""1100"": 0.0865478515625, ""1101"": 0.041748046875, ""1110"": 0.03857421875, ""1111"": 0.085205078125}, ""5"": {""0000"": 0.0477294921875, ""0001"": 0.0823974609375, ""0010"": 0.0797119140625, ""0011"": 0.04541015625, ""0100"": 0.0452880859375, ""0101"": 0.0745849609375, ""0110"": 0.074462890625, ""0111"": 0.044189453125, ""1000"": 0.084228515625, ""1001"": 0.0445556640625, ""1010"": 0.04541015625, ""1011"": 0.0838623046875, ""1100"": 0.0772705078125, ""1101"": 0.04833984375, ""1110"": 0.04443359375, ""1111"": 0.078125}}"
contextuality-preserving,high,True,R2C1,8192,2,1,0.9315338134765625,0.9313146094364195,0.06846618652343746,0.9315338134765625,0.06846618652343767,"{""1"": {""0000"": 0.1014404296875, ""0001"": 0.1058349609375, ""0010"": 0.024169921875, ""0011"": 0.022216796875, ""0100"": 0.019287109375, ""0101"": 0.02099609375, ""0110"": 0.103759765625, ""0111"": 0.10400390625, ""1000"": 0.10595703125, ""1001"": 0.104248046875, ""1010"": 0.02099609375, ""1011"": 0.017822265625, ""1100"": 0.0224609375, ""1101"": 0.0220947265625, ""1110"": 0.100830078125, ""1111"": 0.1038818359375}, ""3"": {""0000"": 0.0838623046875, ""0001"": 0.08984375, ""0010"": 0.040771484375, ""0011"": 0.0382080078125, ""0100"": 0.037353515625, ""0101"": 0.042724609375, ""0110"": 0.0823974609375, ""0111"": 0.0811767578125, ""1000"": 0.089111328125, ""1001"": 0.0858154296875, ""1010"": 0.0374755859375, ""1011"": 0.0408935546875, ""1100"": 0.0335693359375, ""1101"": 0.0433349609375, ""1110"": 0.0830078125, ""1111"": 0.0904541015625}, ""5"": {""0000"": 0.078369140625, ""0001"": 0.08349609375, ""0010"": 0.045166015625, ""0011"": 0.04541015625, ""0100"": 0.0526123046875, ""0101"": 0.047119140625, ""0110"": 0.073974609375, ""0111"": 0.078125, ""1000"": 0.075927734375, ""1001"": 0.078369140625, ""1010"": 0.0474853515625, ""1011"": 0.051025390625, ""1100"": 0.043701171875, ""1101"": 0.047607421875, ""1110"": 0.075927734375, ""1111"": 0.07568359375}}"
contextuality-preserving,high,True,R2C2,8192,2,2,0.917816162109375,0.9172752599777787,0.08222961425781236,0.917816162109375,0.08218383789062514,"{""1"": {""0000"": 0.1005859375, ""0001"": 0.025146484375, ""0010"": 0.105712890625, ""0011"": 0.022216796875, ""0100"": 0.0198974609375, ""0101"": 0.1011962890625, ""0110"": 0.0234375, ""0111"": 0.103515625, ""1000"": 0.1051025390625, ""1001"": 0.0189208984375, ""1010"": 0.1044921875, ""1011"": 0.0205078125, ""1100"": 0.02490234375, ""1101"": 0.0992431640625, ""1110"": 0.022216796875, ""1111"": 0.1029052734375}, ""3"": {""0000"": 0.0877685546875, ""0001"": 0.03759765625, ""0010"": 0.0806884765625, ""0011"": 0.0396728515625, ""0100"": 0.0379638671875, ""0101"": 0.08837890625, ""0110"": 0.03955078125, ""0111"": 0.085693359375, ""1000"": 0.0821533203125, ""1001"": 0.042236328125, ""1010"": 0.0885009765625, ""1011"": 0.038330078125, ""1100"": 0.0439453125, ""1101"": 0.0819091796875, ""1110"": 0.041748046875, ""1111"": 0.0838623046875}, ""5"": {""0000"": 0.0811767578125, ""0001"": 0.05322265625, ""0010"": 0.0738525390625, ""0011"": 0.05078125, ""0100"": 0.0517578125, ""0101"": 0.07666015625, ""0110"": 0.0491943359375, ""0111"": 0.0760498046875, ""1000"": 0.0732421875, ""1001"": 0.0489501953125, ""1010"": 0.0679931640625, ""1011"": 0.0494384765625, ""1100"": 0.0482177734375, ""1101"": 0.0770263671875, ""1110"": 0.051513671875, ""1111"": 0.0709228515625}}"
contextuality-preserving,high,True,R2C3,8192,2,3,0.880645751953125,0.8796909930006466,0.11935424804687489,0.880645751953125,0.11935424804687511,"{""1"": {""0000"": 0.0299072265625, ""0001"": 0.0958251953125, ""0010"": 0.10205078125, ""0011"": 0.02587890625, ""0100"": 0.093017578125, ""0101"": 0.028076171875, ""0110"": 0.0286865234375, ""0111"": 0.0982666015625, ""1000"": 0.0274658203125, ""1001"": 0.0965576171875, ""1010"": 0.1004638671875, ""1011"": 0.0245361328125, ""1100"": 0.0986328125, ""1101"": 0.0255126953125, ""1110"": 0.027099609375, ""1111"": 0.0980224609375}, ""3"": {""0000"": 0.048828125, ""0001"": 0.08154296875, ""0010"": 0.078369140625, ""0011"": 0.0458984375, ""0100"": 0.0816650390625, ""0101"": 0.0408935546875, ""0110"": 0.04541015625, ""0111"": 0.0771484375, ""1000"": 0.04150390625, ""1001"": 0.0859375, ""1010"": 0.078369140625, ""1011"": 0.045166015625, ""1100"": 0.082275390625, ""1101"": 0.0430908203125, ""1110"": 0.0439453125, ""1111"": 0.0799560546875}, ""5"": {""0000"": 0.050537109375, ""0001"": 0.0767822265625, ""0010"": 0.0733642578125, ""0011"": 0.0531005859375, ""0100"": 0.0716552734375, ""0101"": 0.0501708984375, ""0110"": 0.0528564453125, ""0111"": 0.07373046875, ""1000"": 0.0491943359375, ""1001"": 0.0716552734375, ""1010"": 0.0704345703125, ""1011"": 0.0535888671875, ""1100"": 0.0731201171875, ""1101"": 0.0526123046875, ""1110"": 0.0528564453125, ""1111"": 0.0743408203125}}"
contextuality-preserving,high,True,R3C1,8192,3,1,0.8719635009765625,0.8714752659702117,0.1280364990234372,0.8719635009765625,0.1280364990234375,"{""1"": {""0000"": 0.0986328125, ""0001"": 0.104736328125, ""0010"": 0.0269775390625, ""0011"": 0.0233154296875, ""0100"": 0.02099609375, ""0101"": 0.022216796875, ""0110"": 0.101806640625, ""0111"": 0.10302734375, ""1000"": 0.021484375, ""1001"": 0.0244140625, ""1010"": 0.1009521484375, ""1011"": 0.1021728515625, ""1100"": 0.10205078125, ""1101"": 0.0987548828125, ""1110"": 0.024169921875, ""1111"": 0.0242919921875}, ""3"": {""0000"": 0.089111328125, ""0001"": 0.0865478515625, ""0010"": 0.0380859375, ""0011"": 0.0322265625, ""0100"": 0.0333251953125, ""0101"": 0.0374755859375, ""0110"": 0.0860595703125, ""0111"": 0.0914306640625, ""1000"": 0.037353515625, ""1001"": 0.0367431640625, ""1010"": 0.0908203125, ""1011"": 0.0875244140625, ""1100"": 0.08837890625, ""1101"": 0.0908203125, ""1110"": 0.0369873046875, ""1111"": 0.037109375}, ""5"": {""0000"": 0.08154296875, ""0001"": 0.0823974609375, ""0010"": 0.0465087890625, ""0011"": 0.0443115234375, ""0100"": 0.0447998046875, ""0101"": 0.0467529296875, ""0110"": 0.079833984375, ""0111"": 0.0748291015625, ""1000"": 0.0458984375, ""1001"": 0.0430908203125, ""1010"": 0.07861328125, ""1011"": 0.0787353515625, ""1100"": 0.0760498046875, ""1101"": 0.08154296875, ""1110"": 0.044921875, ""1111"": 0.0501708984375}}"
contextuality-preserving,high,True,R3C2,8192,3,2,0.8761138916015624,0.8753061943715077,0.12388610839843742,0.8761138916015624,0.1238861083984376,"{""1"": {""0000"": 0.094970703125, ""0001"": 0.03076171875, ""0010"": 0.10302734375, ""0011"": 0.02490234375, ""0100"": 0.0223388671875, ""0101"": 0.0987548828125, ""0110"": 0.026611328125, ""0111"": 0.100341796875, ""1000"": 0.025634765625, ""1001"": 0.098388671875, ""1010"": 0.02490234375, ""1011"": 0.10009765625, ""1100"": 0.098388671875, ""1101"": 0.0257568359375, ""1110"": 0.095703125, ""1111"": 0.0294189453125}, ""3"": {""0000"": 0.0830078125, ""0001"": 0.046142578125, ""0010"": 0.0802001953125, ""0011"": 0.0457763671875, ""0100"": 0.0457763671875, ""0101"": 0.0792236328125, ""0110"": 0.038330078125, ""0111"": 0.0865478515625, ""1000"": 0.039306640625, ""1001"": 0.080078125, ""1010"": 0.0406494140625, ""1011"": 0.08056640625, ""1100"": 0.0826416015625, ""1101"": 0.0421142578125, ""1110"": 0.0869140625, ""1111"": 0.042724609375}, ""5"": {""0000"": 0.073974609375, ""0001"": 0.0526123046875, ""0010"": 0.073974609375, ""0011"": 0.0513916015625, ""0100"": 0.0498046875, ""0101"": 0.0689697265625, ""0110"": 0.050537109375, ""0111"": 0.071044921875, ""1000"": 0.05712890625, ""1001"": 0.075927734375, ""1010"": 0.051025390625, ""1011"": 0.07421875, ""1100"": 0.07275390625, ""1101"": 0.0509033203125, ""1110"": 0.0743408203125, ""1111"": 0.0513916015625}}"
contextuality-preserving,high,True,R3C3,8192,3,3,0.8327484130859375,0.8321044133132194,0.16725158691406233,0.8327484130859375,0.16725158691406256,"{""1"": {""0000"": 0.0316162109375, ""0001"": 0.0941162109375, ""0010"": 0.1005859375, ""0011"": 0.02734375, ""0100"": 0.091796875, ""0101"": 0.029296875, ""0110"": 0.029296875, ""0111"": 0.09765625, ""1000"": 0.1002197265625, ""1001"": 0.0238037109375, ""1010"": 0.0277099609375, ""1011"": 0.0972900390625, ""1100"": 0.0284423828125, ""1101"": 0.095703125, ""1110"": 0.0931396484375, ""1111"": 0.031982421875}, ""3"": {""0000"": 0.0423583984375, ""0001"": 0.0859375, ""0010"": 0.0823974609375, ""0011"": 0.042724609375, ""0100"": 0.0826416015625, ""0101"": 0.0433349609375, ""0110"": 0.0428466796875, ""0111"": 0.087158203125, ""1000"": 0.0889892578125, ""1001"": 0.0379638671875, ""1010"": 0.043212890625, ""1011"": 0.0791015625, ""1100"": 0.0362548828125, ""1101"": 0.081787109375, ""1110"": 0.0797119140625, ""1111"": 0.0435791015625}, ""5"": {""0000"": 0.0511474609375, ""0001"": 0.073974609375, ""0010"": 0.072998046875, ""0011"": 0.048583984375, ""0100"": 0.0721435546875, ""0101"": 0.053466796875, ""0110"": 0.050048828125, ""0111"": 0.0748291015625, ""1000"": 0.0765380859375, ""1001"": 0.0546875, ""1010"": 0.0489501953125, ""1011"": 0.07568359375, ""1100"": 0.0472412109375, ""1101"": 0.07373046875, ""1110"": 0.073974609375, ""1111"": 0.052001953125}}"
baseline,high,True,R1C1,8192,1,1,0.9064941406249998,0.9054766271843957,0.09426879882812471,0.9064941406249998,0.09350585937500012,"{""1"": {""0000"": 0.1004638671875, ""0001"": 0.106689453125, ""0010"": 0.02392578125, ""0011"": 0.0225830078125, ""0100"": 0.097900390625, ""0101"": 0.1058349609375, ""0110"": 0.0225830078125, ""0111"": 0.021728515625, ""1000"": 0.020751953125, ""1001"": 0.02294921875, ""1010"": 0.1011962890625, ""1011"": 0.1041259765625, ""1100"": 0.0230712890625, ""1101"": 0.0225830078125, ""1110"": 0.0997314453125, ""1111"": 0.1038818359375}, ""3"": {""0000"": 0.083740234375, ""0001"": 0.0841064453125, ""0010"": 0.042724609375, ""0011"": 0.0361328125, ""0100"": 0.0858154296875, ""0101"": 0.0819091796875, ""0110"": 0.0399169921875, ""0111"": 0.0338134765625, ""1000"": 0.0428466796875, ""1001"": 0.0389404296875, ""1010"": 0.0902099609375, ""1011"": 0.0882568359375, ""1100"": 0.037841796875, ""1101"": 0.03662109375, ""1110"": 0.087646484375, ""1111"": 0.0894775390625}, ""5"": {""0000"": 0.0748291015625, ""0001"": 0.082275390625, ""0010"": 0.0479736328125, ""0011"": 0.046142578125, ""0100"": 0.0760498046875, ""0101"": 0.07666015625, ""0110"": 0.042236328125, ""0111"": 0.0499267578125, ""1000"": 0.0491943359375, ""1001"": 0.0450439453125, ""1010"": 0.07958984375, ""1011"": 0.0753173828125, ""1100"": 0.0504150390625, ""1101"": 0.0469970703125, ""1110"": 0.07421875, ""1111"": 0.0831298828125}}"
baseline,high,True,R1C2,8192,1,2,0.8730926513671873,0.8724837130285161,0.1269073486328125,0.8730926513671873,0.12690734863281267,"{""1"": {""0000"": 0.093017578125, ""0001"": 0.03271484375, ""0010"": 0.09814453125, ""0011"": 0.02978515625, ""0100"": 0.0908203125, ""0101"": 0.0302734375, ""0110"": 0.0982666015625, ""0111"": 0.0286865234375, ""1000"": 0.0302734375, ""1001"": 0.09375, ""1010"": 0.029052734375, ""1011"": 0.095947265625, ""1100"": 0.0311279296875, ""1101"": 0.093017578125, ""1110"": 0.02880859375, ""1111"": 0.0963134765625}, ""3"": {""0000"": 0.0794677734375, ""0001"": 0.0516357421875, ""0010"": 0.0740966796875, ""0011"": 0.0499267578125, ""0100"": 0.075439453125, ""0101"": 0.0499267578125, ""0110"": 0.0784912109375, ""0111"": 0.052490234375, ""1000"": 0.050048828125, ""1001"": 0.0748291015625, ""1010"": 0.0479736328125, ""1011"": 0.073974609375, ""1100"": 0.0494384765625, ""1101"": 0.071533203125, ""1110"": 0.046142578125, ""1111"": 0.0745849609375}, ""5"": {""0000"": 0.0645751953125, ""0001"": 0.057861328125, ""0010"": 0.069580078125, ""0011"": 0.058349609375, ""0100"": 0.0673828125, ""0101"": 0.0552978515625, ""0110"": 0.06689453125, ""0111"": 0.058349609375, ""1000"": 0.0594482421875, ""1001"": 0.06884765625, ""1010"": 0.0552978515625, ""1011"": 0.065185546875, ""1100"": 0.056884765625, ""1101"": 0.0679931640625, ""1110"": 0.05859375, ""1111"": 0.0694580078125}}"
baseline,high,True,R1C3,8192,1,3,0.898193359375,0.8968573364602701,0.11143493652343703,0.898193359375,0.1018066406250002,"{""1"": {""0000"": 0.0299072265625, ""0001"": 0.0958251953125, ""0010"": 0.1026611328125, ""0011"": 0.0252685546875, ""0100"": 0.023193359375, ""0101"": 0.097900390625, ""0110"": 0.0982666015625, ""0111"": 0.0286865234375, ""1000"": 0.1014404296875, ""1001"": 0.0225830078125, ""1010"": 0.025146484375, ""1011"": 0.099853515625, ""1100"": 0.098388671875, ""1101"": 0.0257568359375, ""1110"": 0.02685546875, ""1111"": 0.0982666015625}, ""3"": {""0000"": 0.039306640625, ""0001"": 0.0816650390625, ""0010"": 0.069580078125, ""0011"": 0.046142578125, ""0100"": 0.0423583984375, ""0101"": 0.078857421875, ""0110"": 0.0823974609375, ""0111"": 0.049072265625, ""1000"": 0.081298828125, ""1001"": 0.0462646484375, ""1010"": 0.04296875, ""1011"": 0.0833740234375, ""1100"": 0.081787109375, ""1101"": 0.0447998046875, ""1110"": 0.046142578125, ""1111"": 0.083984375}, ""5"": {""0000"": 0.052978515625, ""0001"": 0.0736083984375, ""0010"": 0.07763671875, ""0011"": 0.054931640625, ""0100"": 0.0537109375, ""0101"": 0.07080078125, ""0110"": 0.0732421875, ""0111"": 0.0545654296875, ""1000"": 0.0704345703125, ""1001"": 0.0550537109375, ""1010"": 0.0498046875, ""1011"": 0.0699462890625, ""1100"": 0.06982421875, ""1101"": 0.0513916015625, ""1110"": 0.05224609375, ""1111"": 0.06982421875}}"
baseline,high,True,R2C1,8192,2,1,0.8854064941406248,0.8846905361925819,0.1145935058593749,0.8854064941406248,0.11459350585937521,"{""1"": {""0000"": 0.093994140625, ""0001"": 0.0960693359375, ""0010"": 0.0321044921875, ""0011"": 0.031494140625, ""0100"": 0.025146484375, ""0101"": 0.0302734375, ""0110"": 0.0975341796875, ""0111"": 0.0950927734375, ""1000"": 0.0986328125, ""1001"": 0.09716796875, ""1010"": 0.0281982421875, ""1011"": 0.0250244140625, ""1100"": 0.0308837890625, ""1101"": 0.02734375, ""1110"": 0.0950927734375, ""1111"": 0.095947265625}, ""3"": {""0000"": 0.0784912109375, ""0001"": 0.077880859375, ""0010"": 0.0460205078125, ""0011"": 0.0526123046875, ""0100"": 0.0479736328125, ""0101"": 0.0504150390625, ""0110"": 0.0738525390625, ""0111"": 0.074462890625, ""1000"": 0.0709228515625, ""1001"": 0.07666015625, ""1010"": 0.0474853515625, ""1011"": 0.04931640625, ""1100"": 0.0467529296875, ""1101"": 0.0504150390625, ""1110"": 0.072998046875, ""1111"": 0.083740234375}, ""5"": {""0000"": 0.0694580078125, ""0001"": 0.0693359375, ""0010"": 0.0567626953125, ""0011"": 0.0592041015625, ""0100"": 0.057373046875, ""0101"": 0.0548095703125, ""0110"": 0.0631103515625, ""0111"": 0.06787109375, ""1000"": 0.07080078125, ""1001"": 0.0670166015625, ""1010"": 0.05517578125, ""1011"": 0.055908203125, ""1100"": 0.057861328125, ""1101"": 0.0594482421875, ""1110"": 0.06884765625, ""1111"": 0.0670166015625}}"
baseline,high,True,R2C2,8192,2,2,0.8935394287109373,0.8930097087191012,0.10646057128906253,0.8935394287109373,0.10646057128906275,"{""1"": {""0000"": 0.092041015625, ""0001"": 0.03369140625, ""0010"": 0.096435546875, ""0011"": 0.031494140625, ""0100"": 0.0263671875, ""0101"": 0.0947265625, ""0110"": 0.033447265625, ""0111"": 0.093505859375, ""1000"": 0.09765625, ""1001"": 0.0263671875, ""1010"": 0.0975341796875, ""1011"": 0.0274658203125, ""1100"": 0.0325927734375, ""1101"": 0.091552734375, ""1110"": 0.0299072265625, ""1111"": 0.09521484375}, ""3"": {""0000"": 0.07666015625, ""0001"": 0.057373046875, ""0010"": 0.0738525390625, ""0011"": 0.052978515625, ""0100"": 0.0517578125, ""0101"": 0.0711669921875, ""0110"": 0.0528564453125, ""0111"": 0.06640625, ""1000"": 0.073974609375, ""1001"": 0.0509033203125, ""1010"": 0.072265625, ""1011"": 0.050048828125, ""1100"": 0.052734375, ""1101"": 0.074951171875, ""1110"": 0.0496826171875, ""1111"": 0.0723876953125}, ""5"": {""0000"": 0.069580078125, ""0001"": 0.061279296875, ""0010"": 0.0672607421875, ""0011"": 0.0604248046875, ""0100"": 0.0599365234375, ""0101"": 0.0657958984375, ""0110"": 0.0555419921875, ""0111"": 0.0631103515625, ""1000"": 0.066650390625, ""1001"": 0.05322265625, ""1010"": 0.063720703125, ""1011"": 0.059814453125, ""1100"": 0.060791015625, ""1101"": 0.0650634765625, ""1110"": 0.0606689453125, ""1111"": 0.067138671875}}"
baseline,high,True,R2C3,8192,2,3,0.8307647705078124,0.8297671331868697,0.16923522949218744,0.8307647705078124,0.16923522949218778,"{""1"": {""0000"": 0.036376953125, ""0001"": 0.08935546875, ""0010"": 0.093505859375, ""0011"": 0.034423828125, ""0100"": 0.0848388671875, ""0101"": 0.0362548828125, ""0110"": 0.037109375, ""0111"": 0.08984375, ""1000"": 0.0335693359375, ""1001"": 0.0904541015625, ""1010"": 0.09375, ""1011"": 0.03125, ""1100"": 0.09228515625, ""1101"": 0.0318603515625, ""1110"": 0.033447265625, ""1111"": 0.0916748046875}, ""3"": {""0000"": 0.04931640625, ""0001"": 0.072998046875, ""0010"": 0.07373046875, ""0011"": 0.04931640625, ""0100"": 0.0748291015625, ""0101"": 0.057861328125, ""0110"": 0.050048828125, ""0111"": 0.0770263671875, ""1000"": 0.0506591796875, ""1001"": 0.07421875, ""1010"": 0.070068359375, ""1011"": 0.054443359375, ""1100"": 0.0733642578125, ""1101"": 0.05322265625, ""1110"": 0.05078125, ""1111"": 0.068115234375}, ""5"": {""0000"": 0.059814453125, ""0001"": 0.0667724609375, ""0010"": 0.0667724609375, ""0011"": 0.05810546875, ""0100"": 0.0673828125, ""0101"": 0.05908203125, ""0110"": 0.059326171875, ""0111"": 0.0653076171875, ""1000"": 0.0595703125, ""1001"": 0.068115234375, ""1010"": 0.06591796875, ""1011"": 0.0565185546875, ""1100"": 0.06640625, ""1101"": 0.05859375, ""1110"": 0.0543212890625, ""1111"": 0.0679931640625}}"
baseline,high,True,R3C1,8192,3,1,0.868682861328125,0.8684834708786023,0.13131713867187467,0.868682861328125,0.13131713867187514,"{""1"": {""0000"": 0.094970703125, ""0001"": 0.0999755859375, ""0010"": 0.0313720703125, ""0011"": 0.02734375, ""0100"": 0.0223388671875, ""0101"": 0.029541015625, ""0110"": 0.0972900390625, ""0111"": 0.098876953125, ""1000"": 0.026611328125, ""1001"": 0.02734375, ""1010"": 0.0953369140625, ""1011"": 0.0997314453125, ""1100"": 0.098388671875, ""1101"": 0.0950927734375, ""1110"": 0.0263671875, ""1111"": 0.0294189453125}, ""3"": {""0000"": 0.07763671875, ""0001"": 0.0843505859375, ""0010"": 0.043212890625, ""0011"": 0.0433349609375, ""0100"": 0.046875, ""0101"": 0.0445556640625, ""0110"": 0.0799560546875, ""0111"": 0.08203125, ""1000"": 0.046630859375, ""1001"": 0.0455322265625, ""1010"": 0.0845947265625, ""1011"": 0.0806884765625, ""1100"": 0.08056640625, ""1101"": 0.0784912109375, ""1110"": 0.041259765625, ""1111"": 0.040283203125}, ""5"": {""0000"": 0.07177734375, ""0001"": 0.06591796875, ""0010"": 0.052734375, ""0011"": 0.053955078125, ""0100"": 0.055419921875, ""0101"": 0.0513916015625, ""0110"": 0.072998046875, ""0111"": 0.0751953125, ""1000"": 0.053466796875, ""1001"": 0.0484619140625, ""1010"": 0.0755615234375, ""1011"": 0.0672607421875, ""1100"": 0.075927734375, ""1101"": 0.0745849609375, ""1110"": 0.050537109375, ""1111"": 0.0548095703125}}"
baseline,high,True,R3C2,8192,3,2,0.8461151123046875,0.8458482950654813,0.15388488769531222,0.8461151123046875,0.1538848876953127,"{""1"": {""0000"": 0.0888671875, ""0001"": 0.036865234375, ""0010"": 0.0943603515625, ""0011"": 0.0335693359375, ""0100"": 0.0279541015625, ""0101"": 0.0931396484375, ""0110"": 0.0355224609375, ""0111"": 0.0914306640625, ""1000"": 0.0323486328125, ""1001"": 0.0916748046875, ""1010"": 0.0333251953125, ""1011"": 0.0916748046875, ""1100"": 0.0921630859375, ""1101"": 0.031982421875, ""1110"": 0.089599609375, ""1111"": 0.0355224609375}, ""3"": {""0000"": 0.0694580078125, ""0001"": 0.0565185546875, ""0010"": 0.073974609375, ""0011"": 0.0518798828125, ""0100"": 0.0516357421875, ""0101"": 0.07470703125, ""0110"": 0.0511474609375, ""0111"": 0.0721435546875, ""1000"": 0.05322265625, ""1001"": 0.0731201171875, ""1010"": 0.0513916015625, ""1011"": 0.0677490234375, ""1100"": 0.07470703125, ""1101"": 0.0516357421875, ""1110"": 0.075439453125, ""1111"": 0.05126953125}, ""5"": {""0000"": 0.070556640625, ""0001"": 0.0599365234375, ""0010"": 0.063720703125, ""0011"": 0.0587158203125, ""0100"": 0.0579833984375, ""0101"": 0.0660400390625, ""0110"": 0.058837890625, ""0111"": 0.0601806640625, ""1000"": 0.0570068359375, ""1001"": 0.0635986328125, ""1010"": 0.060302734375, ""1011"": 0.06884765625, ""1100"": 0.0693359375, ""1101"": 0.05810546875, ""1110"": 0.067138671875, ""1111"": 0.0596923828125}}"
baseline,high,True,R3C3,8192,3,3,0.8170166015625,0.8162051707447149,0.1829833984374997,0.8170166015625,0.18298339843750008,"{""1"": {""0000"": 0.034912109375, ""0001"": 0.0908203125, ""0010"": 0.0965576171875, ""0011"": 0.0313720703125, ""0100"": 0.0894775390625, ""0101"": 0.0316162109375, ""0110"": 0.0330810546875, ""0111"": 0.0938720703125, ""1000"": 0.096923828125, ""1001"": 0.027099609375, ""1010"": 0.0306396484375, ""1011"": 0.0943603515625, ""1100"": 0.031494140625, ""1101"": 0.0926513671875, ""1110"": 0.0902099609375, ""1111"": 0.034912109375}, ""3"": {""0000"": 0.046142578125, ""0001"": 0.082275390625, ""0010"": 0.0841064453125, ""0011"": 0.044189453125, ""0100"": 0.0810546875, ""0101"": 0.04541015625, ""0110"": 0.0460205078125, ""0111"": 0.0771484375, ""1000"": 0.077880859375, ""1001"": 0.0462646484375, ""1010"": 0.0452880859375, ""1011"": 0.0780029296875, ""1100"": 0.0474853515625, ""1101"": 0.0728759765625, ""1110"": 0.0787353515625, ""1111"": 0.047119140625}, ""5"": {""0000"": 0.0546875, ""0001"": 0.0701904296875, ""0010"": 0.0704345703125, ""0011"": 0.0589599609375, ""0100"": 0.0699462890625, ""0101"": 0.058837890625, ""0110"": 0.0543212890625, ""0111"": 0.0657958984375, ""1000"": 0.075927734375, ""1001"": 0.0546875, ""1010"": 0.050537109375, ""1011"": 0.0697021484375, ""1100"": 0.052734375, ""1101"": 0.0655517578125, ""1110"": 0.07373046875, ""1111"": 0.053955078125}}"
