circuit_type,mitigated,query_name,shots,row_index,column_index,win_probability,row_product_expectation,column_product_expectation,fidelity,trace_distance,success_probability,failure_probability,raw_scale_factor_dists
contextuality-low,False,R1C1,8192,1,1,0.9036865234375,1.0,-1.0,0.9034178262684694,0.0963134765624993,0.9036865234375,0.0963134765625,{}
contextuality-low,False,R1C2,8192,1,2,0.7781982421875,1.0,-1.0,0.7780592826100754,0.22180175781249928,0.7781982421875,0.2218017578125,{}
contextuality-low,False,R1C3,8192,1,3,0.7919921875,1.0,-1.0,0.7912462339621809,0.20800781249999928,0.7919921875,0.2080078125,{}
contextuality-low,False,R2C1,8192,2,1,0.793701171875,1.0,-1.0,0.7930967658263769,0.2062988281249993,0.793701171875,0.206298828125,{}
contextuality-low,False,R2C2,8192,2,2,0.75048828125,1.0,-1.0,0.7497757123405518,0.24951171874999928,0.75048828125,0.24951171875,{}
contextuality-low,False,R2C3,8192,2,3,0.7835693359375,1.0,-1.0,0.7832203131056623,0.21643066406249928,0.7835693359375,0.2164306640625,{}
contextuality-low,False,R3C1,8192,3,1,0.8135986328125,1.0,-1.0,0.8127658769051517,0.1864013671874991,0.8135986328125,0.1864013671875,{}
contextuality-low,False,R3C2,8192,3,2,0.7584228515625,1.0,-1.0,0.7579953275923027,0.2415771484374991,0.7584228515625,0.2415771484375,{}
contextuality-low,False,R3C3,8192,3,3,0.7813720703125,1.0,-1.0,0.7812640437900692,0.2186279296874991,0.7813720703125,0.2186279296875,{}
contextuality-medium,False,R1C1,8192,1,1,0.90283203125,1.0,-1.0,0.902645638553123,0.09716796874999964,0.90283203125,0.09716796875,{}
contextuality-medium,False,R1C2,8192,1,2,0.7972412109375,1.0,-1.0,0.7970251788368916,0.20275878906249967,0.7972412109375,0.2027587890625,{}
contextuality-medium,False,R1C3,8192,1,3,0.80322265625,1.0,-1.0,0.8029554202754544,0.19677734374999964,0.80322265625,0.19677734375,{}
contextuality-medium,False,R2C1,8192,2,1,0.8231201171875,1.0,-1.0,0.8229070900832627,0.17687988281249964,0.8231201171875,0.1768798828125,{}
contextuality-medium,False,R2C2,8192,2,2,0.7791748046875,1.0,-1.0,0.7787767597078199,0.22082519531249967,0.7791748046875,0.2208251953125,{}
contextuality-medium,False,R2C3,8192,2,3,0.7916259765625,1.0,-1.0,0.7911887912816123,0.20837402343749964,0.7916259765625,0.2083740234375,{}
contextuality-medium,False,R3C1,8192,3,1,0.80859375,1.0,-1.0,0.8080537167326527,0.1914062499999995,0.80859375,0.19140625,{}
contextuality-medium,False,R3C2,8192,3,2,0.7598876953125,1.0,-1.0,0.7592229935940913,0.2401123046874995,0.7598876953125,0.2401123046875,{}
contextuality-medium,False,R3C3,8192,3,3,0.7864990234375,1.0,-1.0,0.7864166664935145,0.2135009765624995,0.7864990234375,0.2135009765625,{}
contextuality-high,False,R1C1,8192,1,1,0.91162109375,1.0,-1.0,0.911016694881411,0.08837890624999982,0.91162109375,0.08837890625,{}
contextuality-high,False,R1C2,8192,1,2,0.7984619140625,1.0,-1.0,0.7978615625259061,0.20153808593749978,0.7984619140625,0.2015380859375,{}
contextuality-high,False,R1C3,8192,1,3,0.814697265625,1.0,-1.0,0.8139911397024296,0.18530273437499978,0.814697265625,0.185302734375,{}
contextuality-high,False,R2C1,8192,2,1,0.79931640625,1.0,-1.0,0.7989296374785814,0.2006835937499998,0.79931640625,0.20068359375,{}
contextuality-high,False,R2C2,8192,2,2,0.7684326171875,1.0,-1.0,0.7681803635989402,0.23156738281249978,0.7684326171875,0.2315673828125,{}
contextuality-high,False,R2C3,8192,2,3,0.802001953125,1.0,-1.0,0.8015514080464484,0.19799804687499978,0.802001953125,0.197998046875,{}
contextuality-high,False,R3C1,8192,3,1,0.8011474609375,1.0,-1.0,0.8005641343580869,0.19885253906249978,0.8011474609375,0.1988525390625,{}
contextuality-high,False,R3C2,8192,3,2,0.7669677734375,1.0,-1.0,0.7665066390450749,0.23303222656249978,0.7669677734375,0.2330322265625,{}
contextuality-high,False,R3C3,8192,3,3,0.7855224609375,1.0,-1.0,0.7852653807264496,0.21447753906249978,0.7855224609375,0.2144775390625,{}
baseline,False,R1C1,8192,1,1,0.8946533203125,1.0,-1.0,0.8944377180249642,0.10534667968749883,0.8946533203125,0.1053466796875,{}
baseline,False,R1C2,8192,1,2,0.751220703125,1.0,-1.0,0.750799133783031,0.24877929687499883,0.751220703125,0.248779296875,{}
baseline,False,R1C3,8192,1,3,0.7686767578125,1.0,-1.0,0.7680668538225985,0.23132324218749886,0.7686767578125,0.2313232421875,{}
baseline,False,R2C1,8192,2,1,0.696044921875,1.0,-1.0,0.6956845140838098,0.30395507812499883,0.696044921875,0.303955078125,{}
baseline,False,R2C2,8192,2,2,0.692626953125,1.0,-1.0,0.6920696274579126,0.30737304687499883,0.692626953125,0.307373046875,{}
baseline,False,R2C3,8192,2,3,0.748291015625,1.0,-1.0,0.7480386589034868,0.2517089843749989,0.748291015625,0.251708984375,{}
baseline,False,R3C1,8192,3,1,0.7686767578125,1.0,-1.0,0.767908864331602,0.23132324218749867,0.7686767578125,0.2313232421875,{}
baseline,False,R3C2,8192,3,2,0.6917724609375,1.0,-1.0,0.6916486097146304,0.30822753906249867,0.6917724609375,0.3082275390625,{}
baseline,False,R3C3,8192,3,3,0.7723388671875,1.0,-1.0,0.7716555688793884,0.22766113281249867,0.7723388671875,0.2276611328125,{}
contextuality-low,True,R1C1,8192,1,1,0.9439697265625,1.0,-1.0,0.9412945936864476,0.07949829101562475,0.9439697265625,0.056030273437500076,"{""1"": {""0000"": 0.1123046875, ""0001"": 0.103759765625, ""0010"": 0.01123046875, ""0011"": 0.0137939453125, ""0100"": 0.11376953125, ""0101"": 0.108642578125, ""0110"": 0.0145263671875, ""0111"": 0.0135498046875, ""1000"": 0.01318359375, ""1001"": 0.011962890625, ""1010"": 0.118896484375, ""1011"": 0.1202392578125, ""1100"": 0.0128173828125, ""1101"": 0.01171875, ""1110"": 0.107421875, ""1111"": 0.1121826171875}, ""3"": {""0000"": 0.1143798828125, ""0001"": 0.1031494140625, ""0010"": 0.0211181640625, ""0011"": 0.0172119140625, ""0100"": 0.105712890625, ""0101"": 0.111328125, ""0110"": 0.0216064453125, ""0111"": 0.0230712890625, ""1000"": 0.01904296875, ""1001"": 0.021728515625, ""1010"": 0.110595703125, ""1011"": 0.0955810546875, ""1100"": 0.01806640625, ""1101"": 0.0225830078125, ""1110"": 0.103271484375, ""1111"": 0.091552734375}, ""5"": {""0000"": 0.1134033203125, ""0001"": 0.100830078125, ""0010"": 0.026123046875, ""0011"": 0.021728515625, ""0100"": 0.1031494140625, ""0101"": 0.1058349609375, ""0110"": 0.0240478515625, ""0111"": 0.02392578125, ""1000"": 0.0201416015625, ""1001"": 0.0235595703125, ""1010"": 0.0975341796875, ""1011"": 0.098876953125, ""1100"": 0.0225830078125, ""1101"": 0.021484375, ""1110"": 0.104736328125, ""1111"": 0.092041015625}}"
contextuality-low,True,R1C2,8192,1,2,0.8953399658203125,1.0,-1.0,0.8946423351027706,0.104660034179687,0.8953399658203125,0.10466003417968772,"{""1"": {""0000"": 0.1031494140625, ""0001"": 0.0255126953125, ""0010"": 0.098388671875, ""0011"": 0.0263671875, ""0100"": 0.0963134765625, ""0101"": 0.028564453125, ""0110"": 0.0997314453125, ""0111"": 0.0272216796875, ""1000"": 0.0242919921875, ""1001"": 0.1036376953125, ""1010"": 0.0277099609375, ""1011"": 0.0960693359375, ""1100"": 0.027587890625, ""1101"": 0.093505859375, ""1110"": 0.02685546875, ""1111"": 0.0950927734375}, ""3"": {""0000"": 0.0845947265625, ""0001"": 0.049072265625, ""0010"": 0.0806884765625, ""0011"": 0.044677734375, ""0100"": 0.088134765625, ""0101"": 0.0460205078125, ""0110"": 0.07666015625, ""0111"": 0.047119140625, ""1000"": 0.0421142578125, ""1001"": 0.08203125, ""1010"": 0.043701171875, ""1011"": 0.0787353515625, ""1100"": 0.046630859375, ""1101"": 0.0711669921875, ""1110"": 0.0460205078125, ""1111"": 0.0726318359375}, ""5"": {""0000"": 0.0753173828125, ""0001"": 0.0543212890625, ""0010"": 0.0726318359375, ""0011"": 0.0513916015625, ""0100"": 0.0760498046875, ""0101"": 0.0548095703125, ""0110"": 0.0758056640625, ""0111"": 0.0531005859375, ""1000"": 0.05615234375, ""1001"": 0.0693359375, ""1010"": 0.0521240234375, ""1011"": 0.0673828125, ""1100"": 0.0545654296875, ""1101"": 0.0697021484375, ""1110"": 0.0499267578125, ""1111"": 0.0673828125}}"
contextuality-low,True,R1C3,8192,1,3,0.887359619140625,1.0,-1.0,0.8845165364228079,0.11956787109374949,0.887359619140625,0.11264038085937515,"{""1"": {""0000"": 0.0263671875, ""0001"": 0.09375, ""0010"": 0.1119384765625, ""0011"": 0.0257568359375, ""0100"": 0.031005859375, ""0101"": 0.0968017578125, ""0110"": 0.100341796875, ""0111"": 0.0264892578125, ""1000"": 0.096435546875, ""1001"": 0.0244140625, ""1010"": 0.02490234375, ""1011"": 0.10009765625, ""1100"": 0.088623046875, ""1101"": 0.0245361328125, ""1110"": 0.0250244140625, ""1111"": 0.103515625}, ""3"": {""0000"": 0.048828125, ""0001"": 0.0838623046875, ""0010"": 0.087890625, ""0011"": 0.0401611328125, ""0100"": 0.0482177734375, ""0101"": 0.0826416015625, ""0110"": 0.082275390625, ""0111"": 0.040771484375, ""1000"": 0.08984375, ""1001"": 0.04638671875, ""1010"": 0.036376953125, ""1011"": 0.0748291015625, ""1100"": 0.075439453125, ""1101"": 0.0406494140625, ""1110"": 0.046630859375, ""1111"": 0.0751953125}, ""5"": {""0000"": 0.05126953125, ""0001"": 0.073974609375, ""0010"": 0.0821533203125, ""0011"": 0.05029296875, ""0100"": 0.0604248046875, ""0101"": 0.0782470703125, ""0110"": 0.0758056640625, ""0111"": 0.051025390625, ""1000"": 0.0738525390625, ""1001"": 0.0501708984375, ""1010"": 0.0565185546875, ""1011"": 0.063232421875, ""1100"": 0.0654296875, ""1101"": 0.0462646484375, ""1110"": 0.052001953125, ""1111"": 0.0693359375}}"
contextuality-low,True,R2C1,8192,2,1,0.9405330574740622,1.0000000000000002,-1.0000000000000002,0.939242951385744,0.06948078619892248,0.9405330574740622,0.05946694252593812,"{""1"": {""0000"": 0.0997314453125, ""0001"": 0.0955810546875, ""0010"": 0.0234375, ""0011"": 0.0247802734375, ""0100"": 0.0228271484375, ""0101"": 0.025634765625, ""0110"": 0.10302734375, ""0111"": 0.09619140625, ""1000"": 0.1060791015625, ""1001"": 0.102294921875, ""1010"": 0.02685546875, ""1011"": 0.02783203125, ""1100"": 0.0228271484375, ""1101"": 0.0208740234375, ""1110"": 0.095458984375, ""1111"": 0.1065673828125}, ""3"": {""0000"": 0.0831298828125, ""0001"": 0.07421875, ""0010"": 0.049560546875, ""0011"": 0.045166015625, ""0100"": 0.0477294921875, ""0101"": 0.04638671875, ""0110"": 0.0826416015625, ""0111"": 0.078125, ""1000"": 0.08056640625, ""1001"": 0.073974609375, ""1010"": 0.04931640625, ""1011"": 0.04443359375, ""1100"": 0.0491943359375, ""1101"": 0.0487060546875, ""1110"": 0.0751953125, ""1111"": 0.0716552734375}, ""5"": {""0000"": 0.0718994140625, ""0001"": 0.0692138671875, ""0010"": 0.0592041015625, ""0011"": 0.0543212890625, ""0100"": 0.06103515625, ""0101"": 0.057373046875, ""0110"": 0.0731201171875, ""0111"": 0.066650390625, ""1000"": 0.070068359375, ""1001"": 0.0665283203125, ""1010"": 0.0560302734375, ""1011"": 0.0504150390625, ""1100"": 0.0556640625, ""1101"": 0.0499267578125, ""1110"": 0.0714111328125, ""1111"": 0.067138671875}}"
contextuality-low,True,R2C2,8192,2,2,0.8719635009765625,1.0,-1.0,0.871848541879723,0.1280364990234369,0.8719635009765625,0.12803649902343756,"{""1"": {""0000"": 0.099609375, ""0001"": 0.0333251953125, ""0010"": 0.0994873046875, ""0011"": 0.0294189453125, ""0100"": 0.0303955078125, ""0101"": 0.0928955078125, ""0110"": 0.032958984375, ""0111"": 0.0947265625, ""1000"": 0.0916748046875, ""1001"": 0.0274658203125, ""1010"": 0.098388671875, ""1011"": 0.0245361328125, ""1100"": 0.027587890625, ""1101"": 0.0950927734375, ""1110"": 0.0294189453125, ""1111"": 0.093017578125}, ""3"": {""0000"": 0.087646484375, ""0001"": 0.0491943359375, ""0010"": 0.080322265625, ""0011"": 0.0443115234375, ""0100"": 0.0531005859375, ""0101"": 0.073486328125, ""0110"": 0.0491943359375, ""0111"": 0.07666015625, ""1000"": 0.0716552734375, ""1001"": 0.0469970703125, ""1010"": 0.0780029296875, ""1011"": 0.0443115234375, ""1100"": 0.0546875, ""1101"": 0.0726318359375, ""1110"": 0.04638671875, ""1111"": 0.0714111328125}, ""5"": {""0000"": 0.0767822265625, ""0001"": 0.0562744140625, ""0010"": 0.0712890625, ""0011"": 0.0579833984375, ""0100"": 0.0640869140625, ""0101"": 0.065185546875, ""0110"": 0.0595703125, ""0111"": 0.067138671875, ""1000"": 0.0709228515625, ""1001"": 0.0556640625, ""1010"": 0.0628662109375, ""1011"": 0.0518798828125, ""1100"": 0.0552978515625, ""1101"": 0.066650390625, ""1110"": 0.05908203125, ""1111"": 0.059326171875}}"
contextuality-low,True,R2C3,8192,2,3,0.8752899169921874,0.9999999999999999,-0.9999999999999999,0.874229523930273,0.12471008300781186,0.8752899169921874,0.12471008300781268,"{""1"": {""0000"": 0.02978515625, ""0001"": 0.1024169921875, ""0010"": 0.1033935546875, ""0011"": 0.0272216796875, ""0100"": 0.0980224609375, ""0101"": 0.02685546875, ""0110"": 0.0286865234375, ""0111"": 0.0963134765625, ""1000"": 0.02587890625, ""1001"": 0.0887451171875, ""1010"": 0.093994140625, ""1011"": 0.0302734375, ""1100"": 0.0958251953125, ""1101"": 0.0255126953125, ""1110"": 0.0294189453125, ""1111"": 0.09765625}, ""3"": {""0000"": 0.0506591796875, ""0001"": 0.07861328125, ""0010"": 0.0892333984375, ""0011"": 0.046142578125, ""0100"": 0.0809326171875, ""0101"": 0.0440673828125, ""0110"": 0.046875, ""0111"": 0.07763671875, ""1000"": 0.0450439453125, ""1001"": 0.0738525390625, ""1010"": 0.0843505859375, ""1011"": 0.0428466796875, ""1100"": 0.0782470703125, ""1101"": 0.0452880859375, ""1110"": 0.043701171875, ""1111"": 0.072509765625}, ""5"": {""0000"": 0.060302734375, ""0001"": 0.0694580078125, ""0010"": 0.0743408203125, ""0011"": 0.0538330078125, ""0100"": 0.0732421875, ""0101"": 0.0535888671875, ""0110"": 0.0584716796875, ""0111"": 0.075927734375, ""1000"": 0.0531005859375, ""1001"": 0.0694580078125, ""1010"": 0.0675048828125, ""1011"": 0.051025390625, ""1100"": 0.0716552734375, ""1101"": 0.0504150390625, ""1110"": 0.049072265625, ""1111"": 0.068603515625}}"
contextuality-low,True,R3C1,8192,3,1,0.9276129189667267,1.0,-1.0,0.9275075760235529,0.07238708103327256,0.9276129189667267,0.07238708103327351,"{""1"": {""0000"": 0.102783203125, ""0001"": 0.1002197265625, ""0010"": 0.02685546875, ""0011"": 0.0252685546875, ""0100"": 0.0252685546875, ""0101"": 0.0230712890625, ""0110"": 0.10546875, ""0111"": 0.09765625, ""1000"": 0.0225830078125, ""1001"": 0.0244140625, ""1010"": 0.1021728515625, ""1011"": 0.0994873046875, ""1100"": 0.1019287109375, ""1101"": 0.0970458984375, ""1110"": 0.0252685546875, ""1111"": 0.0205078125}, ""3"": {""0000"": 0.0831298828125, ""0001"": 0.07861328125, ""0010"": 0.0447998046875, ""0011"": 0.04052734375, ""0100"": 0.047607421875, ""0101"": 0.04736328125, ""0110"": 0.0906982421875, ""0111"": 0.0733642578125, ""1000"": 0.0501708984375, ""1001"": 0.0494384765625, ""1010"": 0.082763671875, ""1011"": 0.0770263671875, ""1100"": 0.0811767578125, ""1101"": 0.07666015625, ""1110"": 0.03955078125, ""1111"": 0.037109375}, ""5"": {""0000"": 0.076904296875, ""0001"": 0.076171875, ""0010"": 0.0506591796875, ""0011"": 0.0484619140625, ""0100"": 0.054443359375, ""0101"": 0.055908203125, ""0110"": 0.0797119140625, ""0111"": 0.076416015625, ""1000"": 0.0526123046875, ""1001"": 0.0518798828125, ""1010"": 0.068359375, ""1011"": 0.06787109375, ""1100"": 0.0718994140625, ""1101"": 0.06884765625, ""1110"": 0.0489501953125, ""1111"": 0.0509033203125}}"
contextuality-low,True,R3C2,8192,3,2,0.8776397705078123,1.0,-1.0,0.876906698336151,0.12236022949218685,0.8776397705078123,0.12236022949218775,"{""1"": {""0000"": 0.09912109375, ""0001"": 0.0338134765625, ""0010"": 0.093017578125, ""0011"": 0.03564453125, ""0100"": 0.032470703125, ""0101"": 0.096923828125, ""0110"": 0.028564453125, ""0111"": 0.09326171875, ""1000"": 0.026123046875, ""1001"": 0.0880126953125, ""1010"": 0.0341796875, ""1011"": 0.0892333984375, ""1100"": 0.096435546875, ""1101"": 0.02734375, ""1110"": 0.0946044921875, ""1111"": 0.03125}, ""3"": {""0000"": 0.08056640625, ""0001"": 0.05322265625, ""0010"": 0.0809326171875, ""0011"": 0.0543212890625, ""0100"": 0.057861328125, ""0101"": 0.07177734375, ""0110"": 0.0506591796875, ""0111"": 0.065673828125, ""1000"": 0.0496826171875, ""1001"": 0.0709228515625, ""1010"": 0.0506591796875, ""1011"": 0.0687255859375, ""1100"": 0.07958984375, ""1101"": 0.04638671875, ""1110"": 0.0709228515625, ""1111"": 0.048095703125}, ""5"": {""0000"": 0.0716552734375, ""0001"": 0.05517578125, ""0010"": 0.0758056640625, ""0011"": 0.0546875, ""0100"": 0.0628662109375, ""0101"": 0.0731201171875, ""0110"": 0.05908203125, ""0111"": 0.0653076171875, ""1000"": 0.0562744140625, ""1001"": 0.0660400390625, ""1010"": 0.056640625, ""1011"": 0.0662841796875, ""1100"": 0.0689697265625, ""1101"": 0.0513916015625, ""1110"": 0.0638427734375, ""1111"": 0.0528564453125}}"
contextuality-low,True,R3C3,8192,3,3,0.8702850341796875,1.0,-1.0,0.8693241906094862,0.1297149658203117,0.8702850341796875,0.12971496582031264,"{""1"": {""0000"": 0.02880859375, ""0001"": 0.101806640625, ""0010"": 0.0943603515625, ""0011"": 0.02880859375, ""0100"": 0.0975341796875, ""0101"": 0.025634765625, ""0110"": 0.0296630859375, ""0111"": 0.0985107421875, ""1000"": 0.10009765625, ""1001"": 0.031005859375, ""1010"": 0.0262451171875, ""1011"": 0.092041015625, ""1100"": 0.024169921875, ""1101"": 0.093505859375, ""1110"": 0.101806640625, ""1111"": 0.0260009765625}, ""3"": {""0000"": 0.048583984375, ""0001"": 0.08349609375, ""0010"": 0.0858154296875, ""0011"": 0.0418701171875, ""0100"": 0.0888671875, ""0101"": 0.044921875, ""0110"": 0.0413818359375, ""0111"": 0.0771484375, ""1000"": 0.0845947265625, ""1001"": 0.042236328125, ""1010"": 0.043212890625, ""1011"": 0.0748291015625, ""1100"": 0.042724609375, ""1101"": 0.0809326171875, ""1110"": 0.081787109375, ""1111"": 0.03759765625}, ""5"": {""0000"": 0.0528564453125, ""0001"": 0.0833740234375, ""0010"": 0.0797119140625, ""0011"": 0.0504150390625, ""0100"": 0.08349609375, ""0101"": 0.046875, ""0110"": 0.0546875, ""0111"": 0.074951171875, ""1000"": 0.0743408203125, ""1001"": 0.044921875, ""1010"": 0.046630859375, ""1011"": 0.0750732421875, ""1100"": 0.0450439453125, ""1101"": 0.0672607421875, ""1110"": 0.0758056640625, ""1111"": 0.0445556640625}}"
contextuality-medium,True,R1C1,8192,1,1,0.9576727650029754,1.0,-1.0,0.95459666104941,0.07016837816805745,0.9576727650029754,0.04232723499702463,"{""1"": {""0000"": 0.11083984375, ""0001"": 0.115966796875, ""0010"": 0.0098876953125, ""0011"": 0.01171875, ""0100"": 0.11669921875, ""0101"": 0.111083984375, ""0110"": 0.0111083984375, ""0111"": 0.0140380859375, ""1000"": 0.0098876953125, ""1001"": 0.009765625, ""1010"": 0.1119384765625, ""1011"": 0.12158203125, ""1100"": 0.0108642578125, ""1101"": 0.009521484375, ""1110"": 0.11669921875, ""1111"": 0.1083984375}, ""3"": {""0000"": 0.117431640625, ""0001"": 0.1021728515625, ""0010"": 0.021728515625, ""0011"": 0.020751953125, ""0100"": 0.1121826171875, ""0101"": 0.111328125, ""0110"": 0.018310546875, ""0111"": 0.0164794921875, ""1000"": 0.0184326171875, ""1001"": 0.0155029296875, ""1010"": 0.10498046875, ""1011"": 0.0970458984375, ""1100"": 0.0189208984375, ""1101"": 0.0169677734375, ""1110"": 0.1024169921875, ""1111"": 0.1053466796875}, ""5"": {""0000"": 0.104248046875, ""0001"": 0.1055908203125, ""0010"": 0.02294921875, ""0011"": 0.0216064453125, ""0100"": 0.1116943359375, ""0101"": 0.1048583984375, ""0110"": 0.0211181640625, ""0111"": 0.0233154296875, ""1000"": 0.0191650390625, ""1001"": 0.020263671875, ""1010"": 0.1077880859375, ""1011"": 0.1021728515625, ""1100"": 0.0196533203125, ""1101"": 0.0211181640625, ""1110"": 0.1007080078125, ""1111"": 0.09375}}"
contextuality-medium,True,R1C2,8192,1,2,0.889312744140625,1.0,-1.0,0.88725916296325,0.12205505371093718,0.889312744140625,0.11068725585937512,"{""1"": {""0000"": 0.100341796875, ""0001"": 0.02685546875, ""0010"": 0.10400390625, ""0011"": 0.0264892578125, ""0100"": 0.1015625, ""0101"": 0.026123046875, ""0110"": 0.09814453125, ""0111"": 0.025390625, ""1000"": 0.0255126953125, ""1001"": 0.093994140625, ""1010"": 0.0257568359375, ""1011"": 0.0921630859375, ""1100"": 0.0244140625, ""1101"": 0.0955810546875, ""1110"": 0.028076171875, ""1111"": 0.1055908203125}, ""3"": {""0000"": 0.085205078125, ""0001"": 0.041259765625, ""0010"": 0.08447265625, ""0011"": 0.0445556640625, ""0100"": 0.0882568359375, ""0101"": 0.046630859375, ""0110"": 0.0858154296875, ""0111"": 0.0419921875, ""1000"": 0.0447998046875, ""1001"": 0.0809326171875, ""1010"": 0.042236328125, ""1011"": 0.0740966796875, ""1100"": 0.0430908203125, ""1101"": 0.08447265625, ""1110"": 0.040771484375, ""1111"": 0.0714111328125}, ""5"": {""0000"": 0.07958984375, ""0001"": 0.050537109375, ""0010"": 0.078857421875, ""0011"": 0.048828125, ""0100"": 0.0784912109375, ""0101"": 0.0517578125, ""0110"": 0.0791015625, ""0111"": 0.0462646484375, ""1000"": 0.05078125, ""1001"": 0.07421875, ""1010"": 0.0528564453125, ""1011"": 0.0606689453125, ""1100"": 0.05029296875, ""1101"": 0.0721435546875, ""1110"": 0.0518798828125, ""1111"": 0.07373046875}}"
contextuality-medium,True,R1C3,8192,1,3,0.9406098785720807,1.0,-1.0,0.9395338833588542,0.06169542591070904,0.9406098785720807,0.05939012142791949,"{""1"": {""0000"": 0.0225830078125, ""0001"": 0.0936279296875, ""0010"": 0.108642578125, ""0011"": 0.02294921875, ""0100"": 0.0245361328125, ""0101"": 0.1060791015625, ""0110"": 0.1011962890625, ""0111"": 0.0211181640625, ""1000"": 0.100341796875, ""1001"": 0.022705078125, ""1010"": 0.0238037109375, ""1011"": 0.100341796875, ""1100"": 0.10498046875, ""1101"": 0.0234375, ""1110"": 0.0240478515625, ""1111"": 0.099609375}, ""3"": {""0000"": 0.0518798828125, ""0001"": 0.0792236328125, ""0010"": 0.0859375, ""0011"": 0.0411376953125, ""0100"": 0.052001953125, ""0101"": 0.0799560546875, ""0110"": 0.08203125, ""0111"": 0.0435791015625, ""1000"": 0.089111328125, ""1001"": 0.0394287109375, ""1010"": 0.041015625, ""1011"": 0.075439453125, ""1100"": 0.079345703125, ""1101"": 0.039794921875, ""1110"": 0.0447998046875, ""1111"": 0.0753173828125}, ""5"": {""0000"": 0.0526123046875, ""0001"": 0.078125, ""0010"": 0.080322265625, ""0011"": 0.0498046875, ""0100"": 0.05224609375, ""0101"": 0.07373046875, ""0110"": 0.0791015625, ""0111"": 0.04931640625, ""1000"": 0.0762939453125, ""1001"": 0.0517578125, ""1010"": 0.0474853515625, ""1011"": 0.068603515625, ""1100"": 0.071533203125, ""1101"": 0.050537109375, ""1110"": 0.050537109375, ""1111"": 0.0679931640625}}"
contextuality-medium,True,R2C1,8192,2,1,0.9353790283203123,1.0,-1.0,0.9346969595069532,0.06723022460937475,0.9353790283203123,0.06462097167968772,"{""1"": {""0000"": 0.1043701171875, ""0001"": 0.1082763671875, ""0010"": 0.0252685546875, ""0011"": 0.026611328125, ""0100"": 0.0235595703125, ""0101"": 0.02197265625, ""0110"": 0.10595703125, ""0111"": 0.0994873046875, ""1000"": 0.102783203125, ""1001"": 0.1009521484375, ""1010"": 0.023193359375, ""1011"": 0.0224609375, ""1100"": 0.019775390625, ""1101"": 0.0230712890625, ""1110"": 0.09814453125, ""1111"": 0.0941162109375}, ""3"": {""0000"": 0.0855712890625, ""0001"": 0.0836181640625, ""0010"": 0.04638671875, ""0011"": 0.04541015625, ""0100"": 0.0472412109375, ""0101"": 0.04248046875, ""0110"": 0.087890625, ""0111"": 0.0758056640625, ""1000"": 0.087158203125, ""1001"": 0.0758056640625, ""1010"": 0.0400390625, ""1011"": 0.04150390625, ""1100"": 0.043212890625, ""1101"": 0.041015625, ""1110"": 0.082275390625, ""1111"": 0.0745849609375}, ""5"": {""0000"": 0.08642578125, ""0001"": 0.07763671875, ""0010"": 0.0543212890625, ""0011"": 0.04931640625, ""0100"": 0.0509033203125, ""0101"": 0.04638671875, ""0110"": 0.0748291015625, ""0111"": 0.07421875, ""1000"": 0.0758056640625, ""1001"": 0.0703125, ""1010"": 0.051025390625, ""1011"": 0.050537109375, ""1100"": 0.05224609375, ""1101"": 0.045654296875, ""1110"": 0.0743408203125, ""1111"": 0.0660400390625}}"
contextuality-medium,True,R2C2,8192,2,2,0.8786010742187498,1.0,-1.0,0.8764390816033983,0.1213989257812498,0.8786010742187498,0.12139892578125017,"{""1"": {""0000"": 0.1060791015625, ""0001"": 0.0269775390625, ""0010"": 0.0919189453125, ""0011"": 0.02685546875, ""0100"": 0.030029296875, ""0101"": 0.1024169921875, ""0110"": 0.02490234375, ""0111"": 0.0975341796875, ""1000"": 0.0908203125, ""1001"": 0.025146484375, ""1010"": 0.105712890625, ""1011"": 0.0291748046875, ""1100"": 0.0286865234375, ""1101"": 0.088134765625, ""1110"": 0.0272216796875, ""1111"": 0.098388671875}, ""3"": {""0000"": 0.086181640625, ""0001"": 0.045654296875, ""0010"": 0.0806884765625, ""0011"": 0.042236328125, ""0100"": 0.0433349609375, ""0101"": 0.0816650390625, ""0110"": 0.04931640625, ""0111"": 0.0869140625, ""1000"": 0.0823974609375, ""1001"": 0.043212890625, ""1010"": 0.080078125, ""1011"": 0.0404052734375, ""1100"": 0.042724609375, ""1101"": 0.073974609375, ""1110"": 0.0443115234375, ""1111"": 0.076904296875}, ""5"": {""0000"": 0.083251953125, ""0001"": 0.05078125, ""0010"": 0.084716796875, ""0011"": 0.0482177734375, ""0100"": 0.0498046875, ""0101"": 0.0775146484375, ""0110"": 0.0528564453125, ""0111"": 0.0748291015625, ""1000"": 0.0726318359375, ""1001"": 0.0511474609375, ""1010"": 0.0712890625, ""1011"": 0.049560546875, ""1100"": 0.0521240234375, ""1101"": 0.068359375, ""1110"": 0.044921875, ""1111"": 0.0679931640625}}"
contextuality-medium,True,R2C3,8192,2,3,0.9012451171874999,0.9999999999999999,-0.9999999999999999,0.8989001651944577,0.1110382080078122,0.9012451171874999,0.09875488281250014,"{""1"": {""0000"": 0.02978515625, ""0001"": 0.095947265625, ""0010"": 0.1060791015625, ""0011"": 0.0198974609375, ""0100"": 0.0985107421875, ""0101"": 0.023681640625, ""0110"": 0.0263671875, ""0111"": 0.0987548828125, ""1000"": 0.0267333984375, ""1001"": 0.1097412109375, ""1010"": 0.0970458984375, ""1011"": 0.0206298828125, ""1100"": 0.0968017578125, ""1101"": 0.0238037109375, ""1110"": 0.0283203125, ""1111"": 0.097900390625}, ""3"": {""0000"": 0.0491943359375, ""0001"": 0.087158203125, ""0010"": 0.0919189453125, ""0011"": 0.0450439453125, ""0100"": 0.090087890625, ""0101"": 0.038330078125, ""0110"": 0.0426025390625, ""0111"": 0.07763671875, ""1000"": 0.0428466796875, ""1001"": 0.0750732421875, ""1010"": 0.0738525390625, ""1011"": 0.0408935546875, ""1100"": 0.0870361328125, ""1101"": 0.0386962890625, ""1110"": 0.04541015625, ""1111"": 0.07421875}, ""5"": {""0000"": 0.051025390625, ""0001"": 0.076171875, ""0010"": 0.0802001953125, ""0011"": 0.051025390625, ""0100"": 0.075927734375, ""0101"": 0.0462646484375, ""0110"": 0.06005859375, ""0111"": 0.072265625, ""1000"": 0.0535888671875, ""1001"": 0.067626953125, ""1010"": 0.073486328125, ""1011"": 0.0494384765625, ""1100"": 0.07666015625, ""1101"": 0.048828125, ""1110"": 0.0504150390625, ""1111"": 0.0670166015625}}"
contextuality-medium,True,R3C1,8192,3,1,0.8838043212890625,1.0,-1.0,0.8824062506803959,0.11619567871093704,0.8838043212890625,0.11619567871093767,"{""1"": {""0000"": 0.0931396484375, ""0001"": 0.1077880859375, ""0010"": 0.02490234375, ""0011"": 0.0262451171875, ""0100"": 0.02685546875, ""0101"": 0.021484375, ""0110"": 0.103271484375, ""0111"": 0.098876953125, ""1000"": 0.0252685546875, ""1001"": 0.027099609375, ""1010"": 0.09716796875, ""1011"": 0.0986328125, ""1100"": 0.10595703125, ""1101"": 0.095947265625, ""1110"": 0.0225830078125, ""1111"": 0.0247802734375}, ""3"": {""0000"": 0.0899658203125, ""0001"": 0.08447265625, ""0010"": 0.0423583984375, ""0011"": 0.03857421875, ""0100"": 0.045654296875, ""0101"": 0.04296875, ""0110"": 0.091796875, ""0111"": 0.076904296875, ""1000"": 0.04541015625, ""1001"": 0.038330078125, ""1010"": 0.0787353515625, ""1011"": 0.084228515625, ""1100"": 0.0870361328125, ""1101"": 0.0784912109375, ""1110"": 0.0401611328125, ""1111"": 0.034912109375}, ""5"": {""0000"": 0.0821533203125, ""0001"": 0.0721435546875, ""0010"": 0.0546875, ""0011"": 0.048828125, ""0100"": 0.0557861328125, ""0101"": 0.0574951171875, ""0110"": 0.07470703125, ""0111"": 0.0687255859375, ""1000"": 0.0472412109375, ""1001"": 0.048095703125, ""1010"": 0.0791015625, ""1011"": 0.0704345703125, ""1100"": 0.074951171875, ""1101"": 0.0694580078125, ""1110"": 0.0462646484375, ""1111"": 0.0499267578125}}"
contextuality-medium,True,R3C2,8192,3,2,0.8658905029296873,1.0,-1.0,0.8649684548906502,0.1341094970703121,0.8658905029296873,0.13410949707031267,"{""1"": {""0000"": 0.09765625, ""0001"": 0.029296875, ""0010"": 0.104736328125, ""0011"": 0.0296630859375, ""0100"": 0.02880859375, ""0101"": 0.1007080078125, ""0110"": 0.0279541015625, ""0111"": 0.0975341796875, ""1000"": 0.03076171875, ""1001"": 0.092529296875, ""1010"": 0.0302734375, ""1011"": 0.0911865234375, ""1100"": 0.0919189453125, ""1101"": 0.029052734375, ""1110"": 0.093505859375, ""1111"": 0.0244140625}, ""3"": {""0000"": 0.0892333984375, ""0001"": 0.0499267578125, ""0010"": 0.083740234375, ""0011"": 0.049560546875, ""0100"": 0.0465087890625, ""0101"": 0.0748291015625, ""0110"": 0.048828125, ""0111"": 0.082275390625, ""1000"": 0.0458984375, ""1001"": 0.0782470703125, ""1010"": 0.0418701171875, ""1011"": 0.0755615234375, ""1100"": 0.0755615234375, ""1101"": 0.04345703125, ""1110"": 0.0753173828125, ""1111"": 0.0391845703125}, ""5"": {""0000"": 0.0809326171875, ""0001"": 0.0557861328125, ""0010"": 0.07666015625, ""0011"": 0.0550537109375, ""0100"": 0.0521240234375, ""0101"": 0.0660400390625, ""0110"": 0.0517578125, ""0111"": 0.0697021484375, ""1000"": 0.0560302734375, ""1001"": 0.07275390625, ""1010"": 0.0556640625, ""1011"": 0.0693359375, ""1100"": 0.06982421875, ""1101"": 0.0487060546875, ""1110"": 0.07080078125, ""1111"": 0.048828125}}"
contextuality-medium,True,R3C3,8192,3,3,0.8509521484375,1.0,-1.0,0.8497861379249617,0.14904785156249956,0.8509521484375,0.1490478515625001,"{""1"": {""0000"": 0.0303955078125, ""0001"": 0.097900390625, ""0010"": 0.0994873046875, ""0011"": 0.0272216796875, ""0100"": 0.09814453125, ""0101"": 0.02783203125, ""0110"": 0.029541015625, ""0111"": 0.1016845703125, ""1000"": 0.0992431640625, ""1001"": 0.025146484375, ""1010"": 0.0264892578125, ""1011"": 0.0911865234375, ""1100"": 0.0260009765625, ""1101"": 0.0894775390625, ""1110"": 0.10107421875, ""1111"": 0.0291748046875}, ""3"": {""0000"": 0.0472412109375, ""0001"": 0.0843505859375, ""0010"": 0.087890625, ""0011"": 0.0411376953125, ""0100"": 0.08935546875, ""0101"": 0.0406494140625, ""0110"": 0.045166015625, ""0111"": 0.08056640625, ""1000"": 0.0828857421875, ""1001"": 0.03466796875, ""1010"": 0.0421142578125, ""1011"": 0.0804443359375, ""1100"": 0.0404052734375, ""1101"": 0.0843505859375, ""1110"": 0.0831298828125, ""1111"": 0.03564453125}, ""5"": {""0000"": 0.0537109375, ""0001"": 0.080322265625, ""0010"": 0.0755615234375, ""0011"": 0.046630859375, ""0100"": 0.0859375, ""0101"": 0.048828125, ""0110"": 0.0479736328125, ""0111"": 0.0736083984375, ""1000"": 0.0765380859375, ""1001"": 0.0418701171875, ""1010"": 0.0472412109375, ""1011"": 0.0765380859375, ""1100"": 0.049072265625, ""1101"": 0.0777587890625, ""1110"": 0.0751953125, ""1111"": 0.043212890625}}"
contextuality-high,True,R1C1,8192,1,1,0.9262390136718751,1.0,-1.0,0.9226003343819075,0.0902862548828125,0.9262390136718751,0.07376098632812501,"{""1"": {""0000"": 0.1082763671875, ""0001"": 0.1021728515625, ""0010"": 0.0162353515625, ""0011"": 0.0145263671875, ""0100"": 0.11767578125, ""0101"": 0.1180419921875, ""0110"": 0.01416015625, ""0111"": 0.013427734375, ""1000"": 0.0126953125, ""1001"": 0.009765625, ""1010"": 0.1173095703125, ""1011"": 0.116455078125, ""1100"": 0.0113525390625, ""1101"": 0.0098876953125, ""1110"": 0.113037109375, ""1111"": 0.10498046875}, ""3"": {""0000"": 0.1220703125, ""0001"": 0.1063232421875, ""0010"": 0.0186767578125, ""0011"": 0.0189208984375, ""0100"": 0.1134033203125, ""0101"": 0.105712890625, ""0110"": 0.018310546875, ""0111"": 0.0181884765625, ""1000"": 0.0152587890625, ""1001"": 0.018310546875, ""1010"": 0.1068115234375, ""1011"": 0.0972900390625, ""1100"": 0.0179443359375, ""1101"": 0.017822265625, ""1110"": 0.10693359375, ""1111"": 0.0980224609375}, ""5"": {""0000"": 0.1102294921875, ""0001"": 0.107177734375, ""0010"": 0.0233154296875, ""0011"": 0.0216064453125, ""0100"": 0.114990234375, ""0101"": 0.109619140625, ""0110"": 0.021484375, ""0111"": 0.0198974609375, ""1000"": 0.021240234375, ""1001"": 0.0181884765625, ""1010"": 0.1094970703125, ""1011"": 0.0986328125, ""1100"": 0.0205078125, ""1101"": 0.018310546875, ""1110"": 0.095458984375, ""1111"": 0.08984375}}"
contextuality-high,True,R1C2,8192,1,2,0.87884521484375,1.0,-1.0,0.8778693191922161,0.12115478515624994,0.87884521484375,0.12115478515625014,"{""1"": {""0000"": 0.103271484375, ""0001"": 0.0242919921875, ""0010"": 0.1019287109375, ""0011"": 0.026611328125, ""0100"": 0.0958251953125, ""0101"": 0.0244140625, ""0110"": 0.1043701171875, ""0111"": 0.02490234375, ""1000"": 0.025390625, ""1001"": 0.097900390625, ""1010"": 0.02783203125, ""1011"": 0.099609375, ""1100"": 0.02587890625, ""1101"": 0.096435546875, ""1110"": 0.0257568359375, ""1111"": 0.0955810546875}, ""3"": {""0000"": 0.0921630859375, ""0001"": 0.0413818359375, ""0010"": 0.0799560546875, ""0011"": 0.0401611328125, ""0100"": 0.0911865234375, ""0101"": 0.03759765625, ""0110"": 0.0855712890625, ""0111"": 0.0401611328125, ""1000"": 0.0426025390625, ""1001"": 0.0821533203125, ""1010"": 0.0435791015625, ""1011"": 0.0767822265625, ""1100"": 0.04638671875, ""1101"": 0.08447265625, ""1110"": 0.0389404296875, ""1111"": 0.076904296875}, ""5"": {""0000"": 0.0814208984375, ""0001"": 0.0546875, ""0010"": 0.0777587890625, ""0011"": 0.047607421875, ""0100"": 0.083984375, ""0101"": 0.048828125, ""0110"": 0.0731201171875, ""0111"": 0.0557861328125, ""1000"": 0.0462646484375, ""1001"": 0.07470703125, ""1010"": 0.0474853515625, ""1011"": 0.0697021484375, ""1100"": 0.05126953125, ""1101"": 0.0716552734375, ""1110"": 0.0484619140625, ""1111"": 0.0672607421875}}"
contextuality-high,True,R1C3,8192,1,3,0.9009399414062499,1.0,-1.0,0.9005664924241118,0.09906005859374997,0.9009399414062499,0.0990600585937502,"{""1"": {""0000"": 0.02734375, ""0001"": 0.0970458984375, ""0010"": 0.105224609375, ""0011"": 0.0260009765625, ""0100"": 0.024169921875, ""0101"": 0.1005859375, ""0110"": 0.1021728515625, ""0111"": 0.0267333984375, ""1000"": 0.1009521484375, ""1001"": 0.023681640625, ""1010"": 0.02197265625, ""1011"": 0.096923828125, ""1100"": 0.105712890625, ""1101"": 0.0213623046875, ""1110"": 0.0247802734375, ""1111"": 0.0953369140625}, ""3"": {""0000"": 0.046630859375, ""0001"": 0.0850830078125, ""0010"": 0.08837890625, ""0011"": 0.0390625, ""0100"": 0.0487060546875, ""0101"": 0.081787109375, ""0110"": 0.0833740234375, ""0111"": 0.0428466796875, ""1000"": 0.0889892578125, ""1001"": 0.037109375, ""1010"": 0.039306640625, ""1011"": 0.080322265625, ""1100"": 0.084228515625, ""1101"": 0.0379638671875, ""1110"": 0.0390625, ""1111"": 0.0771484375}, ""5"": {""0000"": 0.0518798828125, ""0001"": 0.08056640625, ""0010"": 0.080810546875, ""0011"": 0.0491943359375, ""0100"": 0.0535888671875, ""0101"": 0.0767822265625, ""0110"": 0.077880859375, ""0111"": 0.0474853515625, ""1000"": 0.0823974609375, ""1001"": 0.0435791015625, ""1010"": 0.0462646484375, ""1011"": 0.0733642578125, ""1100"": 0.0697021484375, ""1101"": 0.0457763671875, ""1110"": 0.0484619140625, ""1111"": 0.072265625}}"
contextuality-high,True,R2C1,8192,2,1,0.9352264404296874,1.0,-1.0,0.9340929014096092,0.07101440429687501,0.9352264404296874,0.0647735595703126,"{""1"": {""0000"": 0.1099853515625, ""0001"": 0.1065673828125, ""0010"": 0.0230712890625, ""0011"": 0.021728515625, ""0100"": 0.02392578125, ""0101"": 0.023193359375, ""0110"": 0.1138916015625, ""0111"": 0.103515625, ""1000"": 0.1046142578125, ""1001"": 0.0968017578125, ""1010"": 0.0218505859375, ""1011"": 0.02197265625, ""1100"": 0.02001953125, ""1101"": 0.01806640625, ""1110"": 0.0965576171875, ""1111"": 0.09423828125}, ""3"": {""0000"": 0.0924072265625, ""0001"": 0.087158203125, ""0010"": 0.0430908203125, ""0011"": 0.0399169921875, ""0100"": 0.0447998046875, ""0101"": 0.045166015625, ""0110"": 0.089599609375, ""0111"": 0.0775146484375, ""1000"": 0.08984375, ""1001"": 0.0802001953125, ""1010"": 0.04345703125, ""1011"": 0.03515625, ""1100"": 0.0390625, ""1101"": 0.03857421875, ""1110"": 0.080322265625, ""1111"": 0.07373046875}, ""5"": {""0000"": 0.07861328125, ""0001"": 0.0791015625, ""0010"": 0.052001953125, ""0011"": 0.0494384765625, ""0100"": 0.0540771484375, ""0101"": 0.05322265625, ""0110"": 0.0791015625, ""0111"": 0.07421875, ""1000"": 0.079345703125, ""1001"": 0.068603515625, ""1010"": 0.0491943359375, ""1011"": 0.0452880859375, ""1100"": 0.0498046875, ""1101"": 0.0479736328125, ""1110"": 0.0733642578125, ""1111"": 0.066650390625}}"
contextuality-high,True,R2C2,8192,2,2,0.8539581298828125,1.0,-1.0,0.8536283446139658,0.14604187011718736,0.8539581298828125,0.14604187011718753,"{""1"": {""0000"": 0.10205078125, ""0001"": 0.0277099609375, ""0010"": 0.0999755859375, ""0011"": 0.027099609375, ""0100"": 0.026611328125, ""0101"": 0.093994140625, ""0110"": 0.0263671875, ""0111"": 0.093017578125, ""1000"": 0.0958251953125, ""1001"": 0.0291748046875, ""1010"": 0.1033935546875, ""1011"": 0.02392578125, ""1100"": 0.031005859375, ""1101"": 0.094482421875, ""1110"": 0.0301513671875, ""1111"": 0.09521484375}, ""3"": {""0000"": 0.092529296875, ""0001"": 0.045166015625, ""0010"": 0.086669921875, ""0011"": 0.0413818359375, ""0100"": 0.0472412109375, ""0101"": 0.0821533203125, ""0110"": 0.045654296875, ""0111"": 0.0787353515625, ""1000"": 0.0797119140625, ""1001"": 0.0340576171875, ""1010"": 0.0865478515625, ""1011"": 0.0377197265625, ""1100"": 0.0450439453125, ""1101"": 0.0784912109375, ""1110"": 0.0419921875, ""1111"": 0.076904296875}, ""5"": {""0000"": 0.0770263671875, ""0001"": 0.050537109375, ""0010"": 0.08642578125, ""0011"": 0.0479736328125, ""0100"": 0.05419921875, ""0101"": 0.070556640625, ""0110"": 0.053466796875, ""0111"": 0.07421875, ""1000"": 0.0738525390625, ""1001"": 0.0513916015625, ""1010"": 0.07470703125, ""1011"": 0.0489501953125, ""1100"": 0.0462646484375, ""1101"": 0.0667724609375, ""1110"": 0.053955078125, ""1111"": 0.0697021484375}}"
contextuality-high,True,R2C3,8192,2,3,0.9319915771484374,1.0,-1.0,0.9309141685029569,0.07397460937500006,0.9319915771484374,0.06800842285156271,"{""1"": {""0000"": 0.0224609375, ""0001"": 0.106201171875, ""0010"": 0.1048583984375, ""0011"": 0.0233154296875, ""0100"": 0.10205078125, ""0101"": 0.0245361328125, ""0110"": 0.023193359375, ""0111"": 0.1005859375, ""1000"": 0.025390625, ""1001"": 0.0960693359375, ""1010"": 0.1031494140625, ""1011"": 0.0205078125, ""1100"": 0.109130859375, ""1101"": 0.024169921875, ""1110"": 0.021728515625, ""1111"": 0.0926513671875}, ""3"": {""0000"": 0.045654296875, ""0001"": 0.0853271484375, ""0010"": 0.0885009765625, ""0011"": 0.0462646484375, ""0100"": 0.084716796875, ""0101"": 0.03857421875, ""0110"": 0.04833984375, ""0111"": 0.08203125, ""1000"": 0.045166015625, ""1001"": 0.081787109375, ""1010"": 0.0792236328125, ""1011"": 0.0394287109375, ""1100"": 0.08203125, ""1101"": 0.0379638671875, ""1110"": 0.040771484375, ""1111"": 0.07421875}, ""5"": {""0000"": 0.0523681640625, ""0001"": 0.0758056640625, ""0010"": 0.080322265625, ""0011"": 0.051025390625, ""0100"": 0.0775146484375, ""0101"": 0.048828125, ""0110"": 0.0511474609375, ""0111"": 0.0787353515625, ""1000"": 0.0479736328125, ""1001"": 0.0697021484375, ""1010"": 0.0745849609375, ""1011"": 0.0440673828125, ""1100"": 0.0770263671875, ""1101"": 0.0518798828125, ""1110"": 0.048095703125, ""1111"": 0.0709228515625}}"
contextuality-high,True,R3C1,8192,3,1,0.8864593505859375,1.0,-1.0,0.8859722881007364,0.11354064941406238,0.8864593505859375,0.11354064941406262,"{""1"": {""0000"": 0.098876953125, ""0001"": 0.0972900390625, ""0010"": 0.027099609375, ""0011"": 0.0264892578125, ""0100"": 0.0250244140625, ""0101"": 0.02294921875, ""0110"": 0.10595703125, ""0111"": 0.094970703125, ""1000"": 0.023193359375, ""1001"": 0.023681640625, ""1010"": 0.1038818359375, ""1011"": 0.1002197265625, ""1100"": 0.1058349609375, ""1101"": 0.0958251953125, ""1110"": 0.0224609375, ""1111"": 0.0262451171875}, ""3"": {""0000"": 0.09375, ""0001"": 0.0838623046875, ""0010"": 0.0440673828125, ""0011"": 0.0423583984375, ""0100"": 0.0443115234375, ""0101"": 0.0418701171875, ""0110"": 0.089111328125, ""0111"": 0.0787353515625, ""1000"": 0.0382080078125, ""1001"": 0.0382080078125, ""1010"": 0.0877685546875, ""1011"": 0.0814208984375, ""1100"": 0.0892333984375, ""1101"": 0.076904296875, ""1110"": 0.0360107421875, ""1111"": 0.0341796875}, ""5"": {""0000"": 0.0859375, ""0001"": 0.0794677734375, ""0010"": 0.0474853515625, ""0011"": 0.0504150390625, ""0100"": 0.0516357421875, ""0101"": 0.0484619140625, ""0110"": 0.081298828125, ""0111"": 0.076171875, ""1000"": 0.0506591796875, ""1001"": 0.04638671875, ""1010"": 0.0726318359375, ""1011"": 0.078369140625, ""1100"": 0.073486328125, ""1101"": 0.071533203125, ""1110"": 0.045166015625, ""1111"": 0.0408935546875}}"
contextuality-high,True,R3C2,8192,3,2,0.8587799072265625,1.0,-1.0,0.8570995750469319,0.14122009277343742,0.8587799072265625,0.14122009277343764,"{""1"": {""0000"": 0.09814453125, ""0001"": 0.032470703125, ""0010"": 0.0972900390625, ""0011"": 0.025634765625, ""0100"": 0.0316162109375, ""0101"": 0.0936279296875, ""0110"": 0.0352783203125, ""0111"": 0.0926513671875, ""1000"": 0.031005859375, ""1001"": 0.0977783203125, ""1010"": 0.0291748046875, ""1011"": 0.095458984375, ""1100"": 0.090087890625, ""1101"": 0.0255126953125, ""1110"": 0.0997314453125, ""1111"": 0.0245361328125}, ""3"": {""0000"": 0.077880859375, ""0001"": 0.0462646484375, ""0010"": 0.08203125, ""0011"": 0.0484619140625, ""0100"": 0.0509033203125, ""0101"": 0.0811767578125, ""0110"": 0.04931640625, ""0111"": 0.07568359375, ""1000"": 0.0452880859375, ""1001"": 0.0770263671875, ""1010"": 0.0430908203125, ""1011"": 0.0771484375, ""1100"": 0.087890625, ""1101"": 0.0404052734375, ""1110"": 0.0753173828125, ""1111"": 0.0421142578125}, ""5"": {""0000"": 0.0810546875, ""0001"": 0.0535888671875, ""0010"": 0.076171875, ""0011"": 0.0496826171875, ""0100"": 0.0562744140625, ""0101"": 0.0709228515625, ""0110"": 0.052978515625, ""0111"": 0.0711669921875, ""1000"": 0.0531005859375, ""1001"": 0.0655517578125, ""1010"": 0.052734375, ""1011"": 0.072509765625, ""1100"": 0.0751953125, ""1101"": 0.0528564453125, ""1110"": 0.0675048828125, ""1111"": 0.0487060546875}}"
contextuality-high,True,R3C3,8192,3,3,0.8837127685546874,0.9999999999999999,-0.9999999999999999,0.8827925387765074,0.11628723144531247,0.8837127685546874,0.1162872314453127,"{""1"": {""0000"": 0.02734375, ""0001"": 0.103759765625, ""0010"": 0.09814453125, ""0011"": 0.0267333984375, ""0100"": 0.1015625, ""0101"": 0.0257568359375, ""0110"": 0.0316162109375, ""0111"": 0.0965576171875, ""1000"": 0.098388671875, ""1001"": 0.023193359375, ""1010"": 0.0255126953125, ""1011"": 0.0992431640625, ""1100"": 0.0240478515625, ""1101"": 0.0892333984375, ""1110"": 0.099365234375, ""1111"": 0.029541015625}, ""3"": {""0000"": 0.0477294921875, ""0001"": 0.0843505859375, ""0010"": 0.085693359375, ""0011"": 0.041259765625, ""0100"": 0.0823974609375, ""0101"": 0.041259765625, ""0110"": 0.0458984375, ""0111"": 0.0814208984375, ""1000"": 0.08349609375, ""1001"": 0.0396728515625, ""1010"": 0.040283203125, ""1011"": 0.084228515625, ""1100"": 0.04638671875, ""1101"": 0.079345703125, ""1110"": 0.080810546875, ""1111"": 0.0357666015625}, ""5"": {""0000"": 0.0509033203125, ""0001"": 0.083984375, ""0010"": 0.077880859375, ""0011"": 0.05126953125, ""0100"": 0.0814208984375, ""0101"": 0.042724609375, ""0110"": 0.05126953125, ""0111"": 0.0843505859375, ""1000"": 0.0723876953125, ""1001"": 0.041748046875, ""1010"": 0.04345703125, ""1011"": 0.0771484375, ""1100"": 0.0469970703125, ""1101"": 0.0758056640625, ""1110"": 0.078125, ""1111"": 0.04052734375}}"
baseline,True,R1C1,8192,1,1,0.9429168701171874,1.0,-1.0,0.9424370394097037,0.057617187499999244,0.9429168701171874,0.05708312988281256,"{""1"": {""0000"": 0.1131591796875, ""0001"": 0.1107177734375, ""0010"": 0.0142822265625, ""0011"": 0.0146484375, ""0100"": 0.1171875, ""0101"": 0.1083984375, ""0110"": 0.0137939453125, ""0111"": 0.013427734375, ""1000"": 0.0123291015625, ""1001"": 0.0107421875, ""1010"": 0.11279296875, ""1011"": 0.11083984375, ""1100"": 0.01416015625, ""1101"": 0.013671875, ""1110"": 0.109130859375, ""1111"": 0.1107177734375}, ""3"": {""0000"": 0.1082763671875, ""0001"": 0.1011962890625, ""0010"": 0.0242919921875, ""0011"": 0.0242919921875, ""0100"": 0.1053466796875, ""0101"": 0.1029052734375, ""0110"": 0.0244140625, ""0111"": 0.0245361328125, ""1000"": 0.0245361328125, ""1001"": 0.0206298828125, ""1010"": 0.1046142578125, ""1011"": 0.09765625, ""1100"": 0.0228271484375, ""1101"": 0.0194091796875, ""1110"": 0.1029052734375, ""1111"": 0.0921630859375}, ""5"": {""0000"": 0.10205078125, ""0001"": 0.09716796875, ""0010"": 0.029541015625, ""0011"": 0.0274658203125, ""0100"": 0.0965576171875, ""0101"": 0.09521484375, ""0110"": 0.0302734375, ""0111"": 0.03125, ""1000"": 0.025390625, ""1001"": 0.0274658203125, ""1010"": 0.098388671875, ""1011"": 0.0955810546875, ""1100"": 0.0323486328125, ""1101"": 0.0296630859375, ""1110"": 0.09326171875, ""1111"": 0.08837890625}}"
baseline,True,R1C2,8192,1,2,0.8677520751953124,1.0,-1.0,0.8652681123131922,0.1322479248046865,0.8677520751953124,0.13224792480468767,"{""1"": {""0000"": 0.0909423828125, ""0001"": 0.0291748046875, ""0010"": 0.099853515625, ""0011"": 0.0313720703125, ""0100"": 0.09423828125, ""0101"": 0.029052734375, ""0110"": 0.1005859375, ""0111"": 0.032958984375, ""1000"": 0.029052734375, ""1001"": 0.08740234375, ""1010"": 0.0294189453125, ""1011"": 0.101318359375, ""1100"": 0.0313720703125, ""1101"": 0.0888671875, ""1110"": 0.02783203125, ""1111"": 0.0965576171875}, ""3"": {""0000"": 0.080810546875, ""0001"": 0.0472412109375, ""0010"": 0.077880859375, ""0011"": 0.048828125, ""0100"": 0.0870361328125, ""0101"": 0.0517578125, ""0110"": 0.077392578125, ""0111"": 0.046875, ""1000"": 0.05029296875, ""1001"": 0.074951171875, ""1010"": 0.0455322265625, ""1011"": 0.073486328125, ""1100"": 0.0501708984375, ""1101"": 0.0701904296875, ""1110"": 0.05078125, ""1111"": 0.0667724609375}, ""5"": {""0000"": 0.0755615234375, ""0001"": 0.0599365234375, ""0010"": 0.0697021484375, ""0011"": 0.0562744140625, ""0100"": 0.0677490234375, ""0101"": 0.0562744140625, ""0110"": 0.072998046875, ""0111"": 0.0546875, ""1000"": 0.05810546875, ""1001"": 0.066162109375, ""1010"": 0.056640625, ""1011"": 0.062744140625, ""1100"": 0.058349609375, ""1101"": 0.0648193359375, ""1110"": 0.05615234375, ""1111"": 0.0638427734375}}"
baseline,True,R1C3,8192,1,3,0.8757629394531251,1.0,-1.0,0.8741531995259727,0.12423706054687386,0.8757629394531251,0.12423706054687512,"{""1"": {""0000"": 0.025634765625, ""0001"": 0.093505859375, ""0010"": 0.1041259765625, ""0011"": 0.0299072265625, ""0100"": 0.033447265625, ""0101"": 0.1015625, ""0110"": 0.095458984375, ""0111"": 0.0279541015625, ""1000"": 0.10595703125, ""1001"": 0.0264892578125, ""1010"": 0.0238037109375, ""1011"": 0.083251953125, ""1100"": 0.09326171875, ""1101"": 0.024169921875, ""1110"": 0.0301513671875, ""1111"": 0.101318359375}, ""3"": {""0000"": 0.05322265625, ""0001"": 0.0792236328125, ""0010"": 0.0850830078125, ""0011"": 0.0457763671875, ""0100"": 0.0516357421875, ""0101"": 0.0849609375, ""0110"": 0.0755615234375, ""0111"": 0.04150390625, ""1000"": 0.083251953125, ""1001"": 0.04833984375, ""1010"": 0.0426025390625, ""1011"": 0.0697021484375, ""1100"": 0.07763671875, ""1101"": 0.0408935546875, ""1110"": 0.0458984375, ""1111"": 0.07470703125}, ""5"": {""0000"": 0.054931640625, ""0001"": 0.07080078125, ""0010"": 0.072265625, ""0011"": 0.058349609375, ""0100"": 0.06396484375, ""0101"": 0.075439453125, ""0110"": 0.0657958984375, ""0111"": 0.0557861328125, ""1000"": 0.075927734375, ""1001"": 0.0562744140625, ""1010"": 0.0540771484375, ""1011"": 0.0631103515625, ""1100"": 0.0638427734375, ""1101"": 0.0538330078125, ""1110"": 0.0592041015625, ""1111"": 0.056396484375}}"
baseline,True,R2C1,8192,2,1,0.82647705078125,1.0,-1.0,0.8257941431361522,0.17352294921874897,0.82647705078125,0.17352294921875022,"{""1"": {""0000"": 0.0921630859375, ""0001"": 0.088134765625, ""0010"": 0.0330810546875, ""0011"": 0.039306640625, ""0100"": 0.0390625, ""0101"": 0.032470703125, ""0110"": 0.0975341796875, ""0111"": 0.089599609375, ""1000"": 0.0877685546875, ""1001"": 0.0877685546875, ""1010"": 0.03564453125, ""1011"": 0.0350341796875, ""1100"": 0.030517578125, ""1101"": 0.0364990234375, ""1110"": 0.087890625, ""1111"": 0.0875244140625}, ""3"": {""0000"": 0.0830078125, ""0001"": 0.070068359375, ""0010"": 0.0572509765625, ""0011"": 0.0528564453125, ""0100"": 0.0592041015625, ""0101"": 0.05322265625, ""0110"": 0.0755615234375, ""0111"": 0.06640625, ""1000"": 0.072509765625, ""1001"": 0.068603515625, ""1010"": 0.0504150390625, ""1011"": 0.0533447265625, ""1100"": 0.05322265625, ""1101"": 0.049072265625, ""1110"": 0.0704345703125, ""1111"": 0.0648193359375}, ""5"": {""0000"": 0.072509765625, ""0001"": 0.0623779296875, ""0010"": 0.06005859375, ""0011"": 0.060791015625, ""0100"": 0.0621337890625, ""0101"": 0.0592041015625, ""0110"": 0.06787109375, ""0111"": 0.0653076171875, ""1000"": 0.0592041015625, ""1001"": 0.0618896484375, ""1010"": 0.0623779296875, ""1011"": 0.0587158203125, ""1100"": 0.062255859375, ""1101"": 0.0577392578125, ""1110"": 0.0625, ""1111"": 0.0650634765625}}"
baseline,True,R2C2,8192,2,2,0.8395690917968748,1.0,-1.0,0.837980553088163,0.16043090820312406,0.8395690917968748,0.16043090820312522,"{""1"": {""0000"": 0.0928955078125, ""0001"": 0.03466796875, ""0010"": 0.0928955078125, ""0011"": 0.0347900390625, ""0100"": 0.0374755859375, ""0101"": 0.086181640625, ""0110"": 0.036865234375, ""0111"": 0.08935546875, ""1000"": 0.0836181640625, ""1001"": 0.0306396484375, ""1010"": 0.091552734375, ""1011"": 0.034423828125, ""1100"": 0.033447265625, ""1101"": 0.09423828125, ""1110"": 0.0404052734375, ""1111"": 0.0865478515625}, ""3"": {""0000"": 0.07373046875, ""0001"": 0.056640625, ""0010"": 0.0679931640625, ""0011"": 0.0546875, ""0100"": 0.0562744140625, ""0101"": 0.06640625, ""0110"": 0.0589599609375, ""0111"": 0.0750732421875, ""1000"": 0.0738525390625, ""1001"": 0.05615234375, ""1010"": 0.064697265625, ""1011"": 0.052001953125, ""1100"": 0.0557861328125, ""1101"": 0.06884765625, ""1110"": 0.0501708984375, ""1111"": 0.0687255859375}, ""5"": {""0000"": 0.0706787109375, ""0001"": 0.0635986328125, ""0010"": 0.06640625, ""0011"": 0.059814453125, ""0100"": 0.064208984375, ""0101"": 0.06005859375, ""0110"": 0.0662841796875, ""0111"": 0.05810546875, ""1000"": 0.069091796875, ""1001"": 0.0550537109375, ""1010"": 0.0654296875, ""1011"": 0.0552978515625, ""1100"": 0.060302734375, ""1101"": 0.0657958984375, ""1110"": 0.05859375, ""1111"": 0.061279296875}}"
baseline,True,R2C3,8192,2,3,0.8762664794921873,1.0,-1.0,0.874850904880624,0.1237335205078115,0.8762664794921873,0.12373352050781272,"{""1"": {""0000"": 0.0335693359375, ""0001"": 0.0989990234375, ""0010"": 0.1007080078125, ""0011"": 0.028564453125, ""0100"": 0.098388671875, ""0101"": 0.0281982421875, ""0110"": 0.0341796875, ""0111"": 0.0887451171875, ""1000"": 0.025634765625, ""1001"": 0.0880126953125, ""1010"": 0.096923828125, ""1011"": 0.025146484375, ""1100"": 0.09130859375, ""1101"": 0.033447265625, ""1110"": 0.031494140625, ""1111"": 0.0966796875}, ""3"": {""0000"": 0.0565185546875, ""0001"": 0.0787353515625, ""0010"": 0.087158203125, ""0011"": 0.0479736328125, ""0100"": 0.07666015625, ""0101"": 0.0517578125, ""0110"": 0.050048828125, ""0111"": 0.07470703125, ""1000"": 0.0491943359375, ""1001"": 0.0758056640625, ""1010"": 0.073974609375, ""1011"": 0.0491943359375, ""1100"": 0.0675048828125, ""1101"": 0.046630859375, ""1110"": 0.048583984375, ""1111"": 0.0655517578125}, ""5"": {""0000"": 0.0577392578125, ""0001"": 0.0740966796875, ""0010"": 0.0704345703125, ""0011"": 0.0584716796875, ""0100"": 0.07373046875, ""0101"": 0.0621337890625, ""0110"": 0.0589599609375, ""0111"": 0.0694580078125, ""1000"": 0.0574951171875, ""1001"": 0.0635986328125, ""1010"": 0.0670166015625, ""1011"": 0.0555419921875, ""1100"": 0.06005859375, ""1101"": 0.05859375, ""1110"": 0.0528564453125, ""1111"": 0.059814453125}}"
baseline,True,R3C1,8192,3,1,0.8602447509765623,1.0000000000000002,-1.0000000000000002,0.8592981594221433,0.13975524902343636,0.8602447509765623,0.13975524902343772,"{""1"": {""0000"": 0.0887451171875, ""0001"": 0.096923828125, ""0010"": 0.03466796875, ""0011"": 0.0323486328125, ""0100"": 0.0303955078125, ""0101"": 0.03515625, ""0110"": 0.09521484375, ""0111"": 0.087646484375, ""1000"": 0.032470703125, ""1001"": 0.029541015625, ""1010"": 0.091796875, ""1011"": 0.09423828125, ""1100"": 0.102294921875, ""1101"": 0.0867919921875, ""1110"": 0.0289306640625, ""1111"": 0.0328369140625}, ""3"": {""0000"": 0.0750732421875, ""0001"": 0.07763671875, ""0010"": 0.0531005859375, ""0011"": 0.047607421875, ""0100"": 0.0555419921875, ""0101"": 0.054931640625, ""0110"": 0.07666015625, ""0111"": 0.070068359375, ""1000"": 0.05419921875, ""1001"": 0.0467529296875, ""1010"": 0.0726318359375, ""1011"": 0.0684814453125, ""1100"": 0.077880859375, ""1101"": 0.06884765625, ""1110"": 0.0531005859375, ""1111"": 0.0474853515625}, ""5"": {""0000"": 0.0709228515625, ""0001"": 0.0618896484375, ""0010"": 0.0574951171875, ""0011"": 0.060546875, ""0100"": 0.0638427734375, ""0101"": 0.057373046875, ""0110"": 0.0701904296875, ""0111"": 0.0662841796875, ""1000"": 0.061279296875, ""1001"": 0.054443359375, ""1010"": 0.0599365234375, ""1011"": 0.0648193359375, ""1100"": 0.072509765625, ""1101"": 0.0667724609375, ""1110"": 0.052490234375, ""1111"": 0.0592041015625}}"
baseline,True,R3C2,8192,3,2,0.8073120117187498,0.9999999999999999,-0.9999999999999999,0.8061524417782755,0.1926879882812488,0.8073120117187498,0.19268798828125022,"{""1"": {""0000"": 0.095947265625, ""0001"": 0.041259765625, ""0010"": 0.0875244140625, ""0011"": 0.0355224609375, ""0100"": 0.036865234375, ""0101"": 0.091064453125, ""0110"": 0.03662109375, ""0111"": 0.0889892578125, ""1000"": 0.0328369140625, ""1001"": 0.081298828125, ""1010"": 0.0430908203125, ""1011"": 0.0872802734375, ""1100"": 0.089599609375, ""1101"": 0.0355224609375, ""1110"": 0.08544921875, ""1111"": 0.0311279296875}, ""3"": {""0000"": 0.072265625, ""0001"": 0.054931640625, ""0010"": 0.0743408203125, ""0011"": 0.053466796875, ""0100"": 0.05859375, ""0101"": 0.073974609375, ""0110"": 0.0538330078125, ""0111"": 0.072265625, ""1000"": 0.0538330078125, ""1001"": 0.0718994140625, ""1010"": 0.0509033203125, ""1011"": 0.069580078125, ""1100"": 0.072021484375, ""1101"": 0.0509033203125, ""1110"": 0.0697021484375, ""1111"": 0.0474853515625}, ""5"": {""0000"": 0.068359375, ""0001"": 0.063232421875, ""0010"": 0.0699462890625, ""0011"": 0.04931640625, ""0100"": 0.0621337890625, ""0101"": 0.0667724609375, ""0110"": 0.0604248046875, ""0111"": 0.067138671875, ""1000"": 0.056396484375, ""1001"": 0.0628662109375, ""1010"": 0.0574951171875, ""1011"": 0.0660400390625, ""1100"": 0.0704345703125, ""1101"": 0.0595703125, ""1110"": 0.065673828125, ""1111"": 0.05419921875}}"
baseline,True,R3C3,8192,3,3,0.8714904785156248,0.9999999999999999,-0.9999999999999999,0.8707511670969327,0.12850952148437383,0.8714904785156248,0.12850952148437522,"{""1"": {""0000"": 0.0313720703125, ""0001"": 0.0997314453125, ""0010"": 0.10400390625, ""0011"": 0.0277099609375, ""0100"": 0.094970703125, ""0101"": 0.02490234375, ""0110"": 0.0321044921875, ""0111"": 0.09521484375, ""1000"": 0.09619140625, ""1001"": 0.0264892578125, ""1010"": 0.0274658203125, ""1011"": 0.0950927734375, ""1100"": 0.025634765625, ""1101"": 0.0946044921875, ""1110"": 0.0958251953125, ""1111"": 0.0286865234375}, ""3"": {""0000"": 0.052001953125, ""0001"": 0.0819091796875, ""0010"": 0.08203125, ""0011"": 0.0450439453125, ""0100"": 0.083740234375, ""0101"": 0.043212890625, ""0110"": 0.0489501953125, ""0111"": 0.0843505859375, ""1000"": 0.0775146484375, ""1001"": 0.0462646484375, ""1010"": 0.039306640625, ""1011"": 0.0771484375, ""1100"": 0.0419921875, ""1101"": 0.07568359375, ""1110"": 0.0828857421875, ""1111"": 0.0379638671875}, ""5"": {""0000"": 0.05859375, ""0001"": 0.0732421875, ""0010"": 0.0767822265625, ""0011"": 0.049560546875, ""0100"": 0.0802001953125, ""0101"": 0.054443359375, ""0110"": 0.0538330078125, ""0111"": 0.0712890625, ""1000"": 0.0716552734375, ""1001"": 0.0478515625, ""1010"": 0.0506591796875, ""1011"": 0.0810546875, ""1100"": 0.0465087890625, ""1101"": 0.071044921875, ""1110"": 0.0714111328125, ""1111"": 0.0418701171875}}"
